id,name,aadhaar,bank_account,bank_name,address,district,scheme,amount,dob,mobile,registration_date
1,Suman Ghosh,093193594523,84284469855,Indian Bank,"House 918, Netaji Nagar, Goalpara",Goalpara,Ayushman Bharat,20893.6,1992-02-23,9194677710,2025-11-09
2,Vandana Nirmalkar,629730271339,17616840415,Bank of Baroda,"House 275, Gandhi Nagar, Gorakhpur",Gorakhpur,NSP Scholarship,4672.94,1983-11-30,9935529963,2021-09-21
3,Shanti Mukherjee,211569553879,60278344984,Allahabad Bank,"House 100, Azad Nagar, Jodhpur",Jodhpur,PM-KISAN,5016.21,1991-05-26,9265280854,2020-12-31
4,Yogesh Rajput,425382696750,84657562454,Canara Bank,"House 591, Ambedkar Nagar, Bhopal",Bhopal,PM Fasal Bima,6633.89,1996-06-12,9554914537,2023-11-18
5,Suresh Chatterjee,540428246852,50160681319,Central Bank,"House 99, Lal Bahadur Nagar, Jaipur",Jaipur,PMKVY Skill Dev,10953.89,1997-11-17,9829302222,2021-05-08
6,Pooja Mallah,417556063956,39116987239,Indian Bank,"House 750, Indira Colony, Amritsar",Amritsar,NSP Scholarship,4187.56,1956-12-30,9250651120,2021-08-16
7,Sunil Tiwari,668285583764,28272076188,Central Bank,"House 326, Subhash Nagar, Gaya",Gaya,PMKVY Skill Dev,10638.07,1964-12-01,9714702082,2025-03-11
8,Prakash Yadav,483869881752,05997471613,Canara Bank,"House 727, Lal Bahadur Nagar, Lucknow",Lucknow,NSAP Pension,2222.31,1985-01-01,9477655694,2024-11-28
9,Parvati Pillai,595908980424,53733853148,Bank of Baroda,"House 452, Bapunagar, Muzaffarpur",Muzaffarpur,PMKVY Skill Dev,16329.96,1957-04-20,9451421715,2021-11-22
10,Anil Bose,509235402065,80691800499,Canara Bank,"House 375, Krishnanagar, Allahabad",Allahabad,PM Fasal Bima,13728.79,1990-10-23,9544592840,2021-09-20
11,Rajan Joshi,848914256096,01342905719,Central Bank,"House 293, Rajiv Nagar, Jaipur",Jaipur,PMSBY Insurance,1521.77,1965-12-29,9866960762,2022-07-10
12,Bharat Das,424140469371,62617973008,Indian Bank,"House 598, Model Town, Udaipur",Udaipur,PMKVY Skill Dev,8413.81,1996-01-02,9578394345,2022-09-15
13,Munni Tiwari,165635675137,73233855591,Canara Bank,"House 154, Krishnanagar, Jabalpur",Jabalpur,NSP Scholarship,10324.07,1984-10-24,9045898834,2025-10-29
14,Ganesh Shah,673838113074,91944064603,Bank of India,"House 591, Indira Colony, Varanasi",Varanasi,PM Awas Yojana,136718.93,1999-10-14,9207734427,2025-11-05
15,Mamta Verma,737006614238,37659008372,Bank of Baroda,"House 257, Krishnanagar, Bilaspur",Bilaspur,PM Fasal Bima,23746.19,1965-01-01,9300055695,2023-01-03
16,Sunil Kewat,589249494934,44019623436,State Bank of India,"House 248, Sardar Patel Nagar, Gaya",Gaya,PM Ujjwala,2907.25,1995-04-23,9681957102,2022-08-13
17,Kamla Kahar,556493548395,56574417764,Bank of Baroda,"House 607, Ambedkar Nagar, Indore",Indore,PM Ujjwala,1801.52,1971-11-22,9234264105,2025-10-11
18,Vandana Mishra,324655947287,16422906506,Central Bank,"House 379, Azad Nagar, Udaipur",Udaipur,PM-KISAN,3579.89,1976-07-16,9722002279,2024-09-15
19,Usha Rajput,171507913547,21492438493,UCO Bank,"House 96, New Colony, Bhagalpur",Bhagalpur,Ayushman Bharat,38613.85,1977-11-21,9249700937,2025-04-02
20,Mohan Joshi,104776583981,46319477591,State Bank of India,"House 49, Shantinagar, Raipur",Raipur,PMKVY Skill Dev,15610.9,1964-06-22,9369900153,2024-10-28
21,Mamta Chatterjee,414169645152,89277136609,Punjab National Bank,"House 571, Lal Bahadur Nagar, Allahabad",Allahabad,NSP Scholarship,7056.72,1961-08-05,9718348500,2022-09-01
22,Parvati Mehta,726362534881,31806091083,Punjab National Bank,"House 487, Rajiv Nagar, Indore",Indore,NSAP Pension,2856.62,1983-01-30,9147817071,2022-11-28
23,Neha Singh,211336570792,32510097527,Canara Bank,"House 273, Krishnanagar, Lakhimpur",Lakhimpur,PM-KISAN,5977.45,1986-08-23,9831039615,2022-11-10
24,Pushpa Devi,331118537658,93677815670,Indian Bank,"House 566, Nehru Vihar, Amritsar",Amritsar,PMKVY Skill Dev,18565.9,1966-07-26,9680506462,2020-10-17
25,Savita Naidu,253299419720,69525917816,State Bank of India,"House 395, Indira Colony, Bhagalpur",Bhagalpur,PM Awas Yojana,141108.58,1992-11-07,9085926724,2023-11-27
26,Lalita Joshi,542414832214,64498876583,Central Bank,"House 951, Nehru Vihar, Jaipur",Jaipur,NSAP Pension,4576.57,1989-04-05,9344283421,2022-08-23
27,Priya Devi,408944851226,47177545408,Union Bank,"House 127, Azad Nagar, Ludhiana",Ludhiana,Ayushman Bharat,46454.64,1985-01-29,9699178984,2023-12-25
28,Anil Bind,633360046898,39453520632,UCO Bank,"House 848, Lal Bahadur Nagar, Patna",Patna,PMSBY Insurance,1680.19,1959-10-03,9326094266,2021-02-22
29,Sanjay Devi,893582650993,26892403365,Bank of Baroda,"House 681, Gandhi Nagar, Gorakhpur",Gorakhpur,PM Awas Yojana,122433.24,1998-08-04,9226664162,2024-04-20
30,Rajesh Pandey,320444399357,71497910578,Central Bank,"House 369, Rampur, Barpeta",Barpeta,NSAP Pension,3702.04,1962-01-27,9344409158,2022-04-01
31,Vandana Bind,924288621412,87750693920,Allahabad Bank,"House 726, Subhash Nagar, Muzaffarpur",Muzaffarpur,PMKVY Skill Dev,13125.33,1969-03-19,9566454531,2021-09-16
32,Vijay Shah,361303240241,60278344984,Canara Bank,"House 610, Azad Nagar, Bilaspur",Bilaspur,PM Awas Yojana,121059.55,1984-10-24,9864069855,2025-03-30
33,Rekha Iyer,079488432184,60861483019,Bank of India,"House 623, Lal Bahadur Nagar, Darrang",Darrang,NSAP Pension,3571.09,1966-08-20,9023900780,2023-08-24
34,Hari Mallah,499878190461,36002692755,Canara Bank,"House 649, Model Town, Allahabad",Allahabad,MGNREGA,9276.34,1975-09-20,9197472082,2021-05-13
35,Pooja Rani,533369272886,02322979720,Bank of Baroda,"House 171, Nehru Vihar, Bhopal",Bhopal,Ayushman Bharat,16794.81,1977-06-14, ,2024-05-05
36,Pooja Mishra,850465700494,95976035347,Punjab National Bank,"House 506, Lal Bahadur Nagar, Darbhanga",Darbhanga,PMKVY Skill Dev,14855.1,1973-10-18,9114813960,2025-09-25
37,Rekha Chauhan,752992483843,24432664718,Punjab National Bank,"House 707, Krishnanagar, Bhopal",Bhopal,NSAP Pension,564568.5,1970-05-09,9373233216,2023-01-12
38,Ritu Verma,099092529207,42919117467,Central Bank,"Plot No.2, Near Panchayat Office, Jorhat",Patna,Ayushman Bharat,16068.19,1999-08-26,9644265604,2025-08-28
39,Anjali Kewat,969482191504,79638861355,Bank of Baroda,"House 611, Nehru Vihar, Darrang",Darrang,PM Ujjwala,2819.45,1989-08-16,9101976834,2023-05-18
40,Devaki Kurmi,745196314750,03246165374,Indian Bank,"House 784, Sardar Patel Nagar, Jodhpur",Jodhpur,PM Fasal Bima,2187.54,1959-09-12,9659025582,2024-11-27
41,Bharat Ghosh,321164257522,60278344984,Bank of India,"House 265, Nehru Vihar, Bhopal",Bhopal,NSAP Pension,3077.36,1994-12-23,9422462181,2025-02-09
42,Rajan Kahar,837294763367,44603777928,State Bank of India,"House 256, Sardar Patel Nagar, Barpeta",Barpeta,PMSBY Insurance,1500.04,1957-06-03,9049252964,2025-10-26
43,Prakash Iyer,380773709246,05296111046,Indian Bank,"House 713, Ambedkar Nagar, Kanpur",Kanpur,PM Awas Yojana,149571.78,1996-03-24,9476421744,2022-05-12
44,Anil Chatterjee,842165894634,37978353667,Bank of India,"House 529, Netaji Nagar, Bhopal",Bhopal,PM-KISAN,4955.24,1999-04-11,9559915045,2024-12-19
45,Savita Singh,898254316037,64582162687,UCO Bank,"House 909, Ambedkar Nagar, Jorhat",Jorhat,NSP Scholarship,4018.95,1993-05-15,9268794229,2020-12-07
46,Mukesh Chauhan,579675625860,87302465611,Allahabad Bank,"House 648, New Colony, Barpeta",Barpeta,PM Fasal Bima,9738.99,1959-05-22,9864857329,2022-06-03
47,Kamla Yadav,410440306964,03361931932,Punjab National Bank,"House 887, Netaji Nagar, Sonitpur",Sonitpur,MGNREGA,14871.75,1996-08-07,9581039937,2022-05-08
48,Nisha Joshi,430003077184,39789018721,Central Bank,"House 895, Model Town, Bhagalpur",Bhagalpur,PM Ujjwala,2036.24,1996-06-19,9370604878,2024-05-30
49,Meera Kahar,336633765702,89970240943,Bank of India,"House 527, Shantinagar, Lucknow",Lucknow,NSAP Pension,2039.46,1969-05-28,9427359300,2025-12-08
50,Mohan Lodhi,560393965930,29852547887,Bank of India,"House 57, Rajiv Nagar, Jorhat",Jorhat,NSAP Pension,1867.6,1958-11-08,9595897019,2023-08-20
51,Devaki Yadav,010136748917,11111111111,State Bank of India,"House 634, Ambedkar Nagar, Bilaspur",Bilaspur,PM-KISAN,4626.07,1932-02-28, ,2025-02-24
52,Rakesh Singh,859390224542,11687306544,Bank of Baroda,"House 704, Nehru Vihar, Amritsar",Amritsar,PM Fasal Bima,446098.06,1979-10-02,9654826172,2025-05-15
53,Mukesh Reddy,589604220324,07046765331,Canara Bank,"House 336, Krishnanagar, Jodhpur",Jodhpur,PM Ujjwala,2165.54,1997-01-09,9551679385,2023-08-18
54,Vijay Mishra,685776167944,72328076068,Bank of Baroda,"House 706, Netaji Nagar, Muzaffarpur",Muzaffarpur,PMSBY Insurance,1420.6,1981-03-07,9965030793,2024-07-10
55,Mangala Devi,897156881125,92836375177,Union Bank,"Plot No.5, Near Panchayat Office, Gaya",Gaya,PMKVY Skill Dev,12452.85,1990-01-01,9430200886,2022-05-12
56,Saroj Nath,578902531434,84933207378,Punjab National Bank,"House 279, Gandhi Nagar, Lakhimpur",Lakhimpur,PM Ujjwala,3172.68,1963-01-11,9681001548,2023-03-22
57,Shanti Kumar,902680060150,03931021769,Punjab National Bank,"House 278, Rampur, Muzaffarpur",Muzaffarpur,NSP Scholarship,5887.77,2000-02-16,9153006898,2021-10-24
58,Anil Mallah,457964250235,12345678901,Bank of Baroda,"House 173, Gandhi Nagar, Muzaffarpur",Muzaffarpur,PMSBY Insurance,1532.45,1982-06-15,9678557624,2021-10-12
59,Ashok Chauhan,886989817819,55499755341,Punjab National Bank,"House 71, Ambedkar Nagar, Jaipur",Jaipur,PMKVY Skill Dev,8564.17,2000-08-23,9056385754,2024-06-27
60,Seema Maurya,779063135351,37659008372,Allahabad Bank,"House 179, Krishnanagar, Jaipur",Jaipur,NSP Scholarship,9756.52,1973-02-15,9667348025,2022-08-31
61,Sunita Thakur,760576665142,95792676259,Bank of India,"House 267, Sardar Patel Nagar, Ludhiana",Ludhiana,PM Ujjwala,2704.37,1967-06-11,9064698919,2020-11-15
62,Asha Kurmi,264885545929,75206897715,Indian Bank,"House 933, Bapunagar, Lucknow",Lucknow,PM-KISAN,4240.75,1961-03-14,9572714835,2023-04-04
63,Rekha Roy,415624375846,68663972128,Allahabad Bank,"Plot No.2, Near Panchayat Office, Jorhat",Jodhpur,MGNREGA,5906.2,1990-06-06,9373670827,2025-02-22
64,Guddi Verma,176805263684,00000000000,State Bank of India,"House 893, Lal Bahadur Nagar, Ludhiana",Ludhiana,PM Fasal Bima,22593.55,1978-12-23,9397023751,2022-02-27
65,Babli Mukherjee,704931672155,56454565787,Punjab National Bank,"House 362, Lal Bahadur Nagar, Muzaffarpur",Muzaffarpur,PMSBY Insurance,1248.27,1996-06-04,9293999983,2021-06-12
66,Bharat Joshi,388635645950,60452770242,Union Bank,"House 382, Ambedkar Nagar, Muzaffarpur",Muzaffarpur,PM Ujjwala,2735.6,1972-12-30,9212656086,2023-02-19
67,Ganga Singh,304118102905,88517740748,Indian Bank,"House 597, Shantinagar, Udaipur",Udaipur,PM-KISAN,5424.99,1989-08-06,9849316207,2021-11-12
68,Munni Pillai,343010403181,95282218976,Allahabad Bank,"House 307, Azad Nagar, Barpeta",Barpeta,NSAP Pension,5861.25,1959-02-19,9152276183,2025-02-09
69,Vijay Kewat,701414778567,83387852493,Bank of Baroda,"House 334, Shantinagar, Patna",Patna,PMKVY Skill Dev,14713.54,1997-07-25,9476965941,2021-10-31
70,Hari Joshi,884982301473,35953985565,Union Bank,"House 884, Model Town, Jaipur",Jaipur,PM Ujjwala,2349.0,2000-06-09,9460404761,2022-11-01
71,Priya Kahar,674428626769,62337826538,Indian Bank,"House 669, Gandhi Nagar, Darrang",Darrang,NSP Scholarship,8013.09,1968-01-24,9276110277,2025-02-07
72,Yogesh Mishra,018031953961,93734626423,UCO Bank,"House 477, Sardar Patel Nagar, Bhopal",Bhopal,PMSBY Insurance,1535.82,1992-10-30,9510792446,2024-01-06
73,Pushpa Singh,474794910025,47962743979,Punjab National Bank,"House 821, Sardar Patel Nagar, Varanasi",Varanasi,NSAP Pension,2458.08,1997-02-07,9010477089,2021-11-30
74,Dinesh Ghosh,023284991063,16040962491,UCO Bank,"House 646, Bapunagar, Darrang",Darrang,PMKVY Skill Dev,12075.49,1972-06-23,9042591117,2021-02-15
75,Ashok Singh,235993202201,70085147731,State Bank of India,"House 221, Krishnanagar, Muzaffarpur",Muzaffarpur,NSAP Pension,4781.94,1993-06-01, ,2023-06-18
76,Prakash Shah,025559545462,93481171131,Allahabad Bank,"House 399, Rajiv Nagar, Lakhimpur",Lakhimpur,PM-KISAN,5907.7,1979-03-24,9028486205,2024-03-16
77,Suresh Tiwari,291523796430,68805128124,Bank of India,"House 125, Rajiv Nagar, Muzaffarpur",Muzaffarpur,NSAP Pension,5322.74,1984-11-17,9888752048,2021-12-26
78,Nisha Bind,763164359750,41051689844,Bank of Baroda,"House 345, Shantinagar, Indore",Indore,PMKVY Skill Dev,9556.72,1976-10-04,9394415446,2023-10-04
79,Rekha Rajput,852477306153,03223485243,Indian Bank,"House 193, Lal Bahadur Nagar, Darrang",Darrang,MGNREGA,5132.4,1997-05-12,9701633451,2022-09-21
80,Tulsi Das,820924643861,31356285647,Punjab National Bank,"House 739, Bapunagar, Sonitpur",Sonitpur,PM Awas Yojana,146107.21,1995-03-28,9586230651,2021-04-05
81,Ganga Iyer,325348178446,14636003122,UCO Bank,"House 105, Model Town, Bhopal",Bhopal,PM Fasal Bima,10232.37,1969-07-31,9500889393,2021-04-11
82,Naresh Gupta,227545909604,22048441761,State Bank of India,"House 363, Bapunagar, Sonitpur",Sonitpur,PMSBY Insurance,1685.18,1972-10-15,9550649382,2022-01-29
83,Rajan Naidu,046353401652,08917038850,Union Bank,"House 353, Gandhi Nagar, Lucknow",Lucknow,PM Awas Yojana,126878.99,1956-09-10,9783321706,2020-11-10
84,Naresh Mallah,344101377995,06604506734,Union Bank,"House 340, Rampur, Jaipur",Jaipur,PM Ujjwala,1897.55,1973-06-08,9596623671,2024-03-15
85,Shanti Singh,040581974417,29228310600,Canara Bank,"House 596, New Colony, Bilaspur",Bilaspur,MGNREGA,7159.03,1974-10-02,9572089950,2025-07-06
86,Anita Kewat,794789213773,51914479315,Bank of India,"House 720, Shantinagar, Kamrup",Kamrup,Ayushman Bharat,42476.72,1965-01-18,9241346210,2024-02-17
87,Anita Mehta,720810312294,36219210482,Indian Bank,"House 117, Azad Nagar, Darrang",Darrang,PM Awas Yojana,145461.5,1997-07-21,9372240104,2023-01-19
88,Lalita Kumar,424829472007,64289876337,Punjab National Bank,"House 161, Ambedkar Nagar, Barpeta",Barpeta,NSAP Pension,5332.14,1991-08-28,9441268560,2021-10-06
89,Mahesh Chatterjee,211356355470,53278954319,Central Bank,"House 293, Model Town, Bhopal",Bhopal,PMSBY Insurance,1366.65,1998-06-01,9145074480,2022-11-09
90,Bharat Jha,674428626769,67186659231,UCO Bank,"House 44, Indira Colony, Jaipur",Jaipur,PMSBY Insurance,1866.03,1989-07-26,9530366359,2025-11-13
91,Sunita Verma,977513341067,14934465599,Bank of India,"House 934, Netaji Nagar, Varanasi",Varanasi,PM Ujjwala,2980.74,1987-08-27,9765044001,2025-09-27
92,Leela Nath,741948274049,40798837039,Bank of India,"House 590, Subhash Nagar, Darbhanga",Darbhanga,PMKVY Skill Dev,13428.94,1990-11-21,9760793061,2025-01-03
93,Anjali Nirmalkar,543219705092,35724097578,Central Bank,"House 153, New Colony, Muzaffarpur",Muzaffarpur,PMKVY Skill Dev,11864.52,1996-03-19,9844856704,2022-07-17
94,Umesh Mukherjee,820627913443,28593319165,Allahabad Bank,"House 571, Rampur, Goalpara",Goalpara,PM Ujjwala,2248.54,1996-05-26,9785899941,2023-03-13
95,Ganesh Pandey,149437445345,66489417004,Canara Bank,"House 735, Nehru Vihar, Gaya",Gaya,PMSBY Insurance,1292.66,1999-03-20,9085298865,2020-12-17
96,Tulsi Pillai,373585949234,60464994405,Allahabad Bank,"House 698, Subhash Nagar, Sivasagar",Sivasagar,PM Fasal Bima,16019.53,1979-02-17,9289981288,2023-05-29
97,Vandana Bind,605490537707,00986491798,UCO Bank,"House 145, Azad Nagar, Kamrup",Kamrup,PMSBY Insurance,1774.18,1970-05-28,9623604394,2021-04-03
98,Mukesh Sharma,480184087026,35092001682,Bank of Baroda,"House 11, Ambedkar Nagar, Amritsar",Amritsar,PM-KISAN,4208.55,1983-01-18,9825748683,2024-10-15
99,Mohan Singh,526038661489,45549904557,State Bank of India,"House 11, New Colony, Darrang",Darrang,PM-KISAN,5322.93,1983-09-03,9881501318,2024-11-20
100,Nisha Mehta,887533326826,81674532581,Allahabad Bank,"House 821, Nehru Vihar, Lakhimpur",Lakhimpur,PM Awas Yojana,143616.75,1987-04-08,9079685087,2023-06-28
101,Ritu Jha,449241263253,00437527805,Bank of Baroda,"House 883, Rampur, Sivasagar",Sivasagar,PM Fasal Bima,17334.78,1958-09-03,9981992069,2024-01-28
102,Anjali Roy,750016750106,87086559940,UCO Bank,"House 990, Shantinagar, Lucknow",Lucknow,PMKVY Skill Dev,10783.02,1994-01-26,9816186705,2021-05-13
103,Sunita Mukherjee,438111605387,17769537867,UCO Bank,"House 411, Sardar Patel Nagar, Darrang",Darrang,Ayushman Bharat,45814.49,1980-01-17,9583426263,2025-09-14
104,Pooja Iyer,760778085968,39099769082,Allahabad Bank,"House 252, Lal Bahadur Nagar, Gorakhpur",Gorakhpur,PM Awas Yojana,129570.08,1982-04-17,9212777935,2022-05-24
105,Ganga Joshi,351350083261,96013776582,Indian Bank,"House 489, Ambedkar Nagar, Dhubri",Dhubri,PM Ujjwala,3143.69,1956-10-08,9129007455,2023-01-22
106,Vandana Sharma,579505864205,19228475657,State Bank of India,"House 477, New Colony, Gorakhpur",Gorakhpur,PM-KISAN,2278.68,1966-04-09,9289926080,2024-05-10
107,Sunita Kurmi,100330091329,61576152080,UCO Bank,"House 930, Lal Bahadur Nagar, Lucknow",Lucknow,NSAP Pension,1814.2,1974-10-13,9203083190,2023-07-22
108,Rajesh Tiwari,861928375125,68852106285,Bank of India,"House 433, Rampur, Gaya",Gaya,PMKVY Skill Dev,8125.56,1990-03-06,9145257649,2021-03-17
109,Kiran Shah,063845093339,04070974747,Canara Bank,"House 951, Rampur, Patna",Patna,MGNREGA,11196.5,1962-07-25,9902790269,2023-12-24
110,Rakesh Nair,372053652944,84526218175,Indian Bank,"House 549, Gandhi Nagar, Muzaffarpur",Muzaffarpur,PM-KISAN,4939.18,1991-04-19,9262615257,2022-03-25
111,Tulsi Singh,580429040053,16207345840,Bank of Baroda,"Plot No.2, Near Panchayat Office, Jorhat",Bhopal,PM Ujjwala,2772.12,1991-03-28,9377086786,2024-09-15
112,Lalita Tiwari,611801121730,37443403687,Punjab National Bank,"Plot No.2, Near Panchayat Office, Jorhat",Jodhpur,MGNREGA,14294.05,1980-07-25,9105656507,2023-01-17
113,Leela Nath,228357931043,88930268792,Central Bank,"House 966, Sardar Patel Nagar, Barpeta",Barpeta,PM Fasal Bima,5646.45,1981-03-24,9014088131,2025-04-05
114,Dinesh Joshi,967567209857,67055578141,Union Bank,"House 942, Model Town, Patna",Patna,PM Awas Yojana,135933.3,1964-04-15,9254123040,2023-10-29
115,Vijay Sharma,700143760741,89265444437,Bank of India,"House 43, Gandhi Nagar, Lucknow",Lucknow,PMKVY Skill Dev,14590.13,1993-12-21,9757539301,2022-05-01
116,Deepak Roy,930345126639,34593402140,UCO Bank,"House 319, Indira Colony, Darbhanga",Darbhanga,PM Awas Yojana,142019.06,1970-03-06,9322732118,2020-12-13
117,Prakash Thakur,592515750651,09010562641,Canara Bank,"House 749, New Colony, Varanasi",Varanasi,NSAP Pension,5822.01,1997-04-29,9999172471,2024-02-08
118,Guddi Chauhan,402265112466,27762553503,Allahabad Bank,"House 706, Rajiv Nagar, Jaipur",Jaipur,PM Awas Yojana,121402.19,1978-07-15,9836652621,2020-10-18
119,Pushpa Chauhan,015403958205,26502732454,State Bank of India,"House 175, Lal Bahadur Nagar, Sonitpur",Sonitpur,Ayushman Bharat,18455.61,1988-10-18,9296132796,2025-12-17
120,Rekha Joshi,464332083691,89047218449,Union Bank,"House 978, Gandhi Nagar, Kanpur",Kanpur,PM Awas Yojana,145817.08,1927-04-13,9366706636,2021-04-01
121,Tulsi Mallah,261884460931,09564819685,Bank of Baroda,"House 205, Lal Bahadur Nagar, Sivasagar",Sivasagar,NSP Scholarship,10316.88,1969-06-20, ,2025-09-02
122,Ganesh Reddy,337339033638,41660814225,Indian Bank,"House 95, Netaji Nagar, Indore",Indore,PM Fasal Bima,4652.86,1957-05-29,9495922501,2024-02-14
123,Sunil Reddy,511707780193,03481707092,Allahabad Bank,"House 278, Krishnanagar, Nagaon",Nagaon,PM Ujjwala,1697.7,1996-12-22,9829854155,2020-12-11
124,Kavita Thakur,052214433458,94865879711,Union Bank,"House 135, Model Town, Sonitpur",Sonitpur,PMKVY Skill Dev,12746.78,1996-08-20,9993883012,2023-06-11
125,Mahesh Mallah,182598087088,15514254028,Central Bank,"House 947, Lal Bahadur Nagar, Muzaffarpur",Muzaffarpur,PM Ujjwala,2393.92,1972-12-10,9095814443,2022-11-28
126,Guddi Nirmalkar,487971707315,70665032186,Central Bank,"House 953, Rampur, Patna",Patna,PM Ujjwala,1780.77,1984-04-27,9234050030,2024-11-20
127,Savita Nirmalkar,543078446440,17833744079,Punjab National Bank,"House 597, Ambedkar Nagar, Raipur",Raipur,Ayushman Bharat,31374.98,1972-08-30,9589321192,2023-02-11
128,Naresh Naidu,232903599277,41865722674,State Bank of India,"Plot No.2, Near Panchayat Office, Jorhat",Jabalpur,PM Awas Yojana,143547.22,1973-03-13,9267954761,2022-05-27
129,Usha Nirmalkar,313085653146,41718914826,Allahabad Bank,"House 735, Krishnanagar, Bhopal",Bhopal,MGNREGA,10075.24,1961-11-07,9495681944,2025-06-27
130,Suman Mukherjee,118789176441,26189625662,Allahabad Bank,"House 912, Nehru Vihar, Bhagalpur",Bhagalpur,NSAP Pension,5551.79,1962-05-01,9275473829,2025-08-02
131,Babli Mehta,034069807618,84509051064,Union Bank,"House 386, Nehru Vihar, Gorakhpur",Gorakhpur,NSP Scholarship,10929.21,1983-11-08,9696340529,2021-12-03
132,Dinesh Singh,360013366867,54706077028,Allahabad Bank,"House 585, Krishnanagar, Udaipur",Udaipur,PM Fasal Bima,20017.83,1971-11-02,9930366339,2024-07-09
133,Suman Verma,637683423286,03780520975,Allahabad Bank,"House 422, Shantinagar, Indore",Indore,PM Fasal Bima,5838.36,1986-04-02,9159686831,2020-12-31
134,Sunita Iyer,311275498141,68111304683,Canara Bank,"House 128, Indira Colony, Udaipur",Udaipur,PM Awas Yojana,122248.62,1960-05-13,9119043459,2025-07-10
135,Rekha Rani,668308039025,12345678901,Bank of Baroda,"House 986, Krishnanagar, Nagaon",Nagaon,PM Ujjwala,3118.83,1989-05-23,9004672444,2022-07-12
136,Vinod Joshi,254514538887,09370930523,Bank of India,"House 338, Rajiv Nagar, Sonitpur",Sonitpur,Ayushman Bharat,46763.38,1966-07-23,9014456078,2023-08-30
137,Anita Nath,811157411686,60241905522,Punjab National Bank,"House 927, Nehru Vihar, Goalpara",Goalpara,PMKVY Skill Dev,11370.69,1968-08-26,9819081535,2024-10-19
138,Yogesh Bose,098301457325,63749750904,Central Bank,"House 789, Nehru Vihar, Raipur",Raipur,Ayushman Bharat,47010.02,1992-10-25,9495093046,2021-03-29
139,Nisha Roy,785304650680,50233795017,Central Bank,"House 863, Sardar Patel Nagar, Nagaon",Nagaon,PM Awas Yojana,147398.51,1998-03-25,9856894996,2023-08-23
140,Vandana Pillai,662862513857,50958158272,Central Bank,"House 107, Lal Bahadur Nagar, Patna",Patna,PM Ujjwala,3040.3,1989-02-03,9683989966,2022-01-11
141,Suman Ghosh,369838069266,65756094576,Punjab National Bank,"House 791, Indira Colony, Jorhat",Jorhat,PM-KISAN,4378.03,1980-05-29,9754878930,2021-06-06
142,Umesh Chatterjee,373879887596,13863454803,Bank of India,"House 266, Indira Colony, Kanpur",Kanpur,PM Awas Yojana,136507.07,1981-02-20,9229484374,2021-08-15
143,Munni Tiwari,593431575917,70061789781,Central Bank,"House 57, Subhash Nagar, Barpeta",Barpeta,PM Awas Yojana,129009.86,1958-05-24,9428903196,2023-07-31
144,Tulsi Chauhan,324595711852,65387931041,UCO Bank,"House 542, Bapunagar, Jabalpur",Jabalpur,PM Ujjwala,2558.16,1993-05-21,9904119702,2022-03-09
145,Priya Gupta,865434755857,14737404519,Punjab National Bank,"House 769, Rajiv Nagar, Jabalpur",Jabalpur,PM-KISAN,3591.48,1970-08-17,9513223385,2025-04-17
146,Devaki Kumar,485550749664,16273202100,UCO Bank,"Plot No.4, Near Panchayat Office, Sonitpur",Bhopal,PMKVY Skill Dev,9115.43,1970-11-25,9179653392,2021-08-10
147,Ganga Das,932566318587,69373060812,Punjab National Bank,"House 78, Netaji Nagar, Patna",Patna,PM Fasal Bima,18927.05,1985-04-08,9867408954,2022-05-22
148,Ritu Rajput,799021479508,97058313923,Punjab National Bank,"House 437, Model Town, Lucknow",Lucknow,NSAP Pension,4353.63,1990-06-08,9577226622,2020-10-19
149,Suman Mishra,808827494370,01470710290,Allahabad Bank,"House 256, New Colony, Kanpur",Kanpur,MGNREGA,11668.75,1990-10-31,9187378598,2025-01-21
150,Kiran Nair,134953413302,76738605172,Bank of Baroda,"Plot No.5, Near Panchayat Office, Gaya",Lucknow,PMSBY Insurance,1827.14,1961-07-04,9560931410,2023-03-13
151,Ritu Singh,057618582502,64635583236,Central Bank,"House 803, Subhash Nagar, Indore",Indore,PM-KISAN,4533.59,1958-02-01,9621075280,2024-09-01
152,Mamta Chauhan,504742114423,11111111111,Bank of Baroda,"House 967, Sardar Patel Nagar, Gaya",Gaya,PM Ujjwala,1862.92,1924-01-04, ,2023-09-19
153,Ritu Patel,325951662475,96480892435,Central Bank,"House 993, Sardar Patel Nagar, Sivasagar",Sivasagar,PMSBY Insurance,1644.85,1976-03-20,9733999284,2022-09-29
154,Ramesh Lodhi,520622180101,21086046947,Canara Bank,"House 945, Indira Colony, Jodhpur",Jodhpur,NSAP Pension,2363.58,1985-02-28,9243679640,2021-06-28
155,Geeta Reddy,127451291037,62712647791,State Bank of India,"House 102, Nehru Vihar, Jaipur",Jaipur,Ayushman Bharat,22553.58,1959-09-05,9132296756,2023-05-07
156,Saroj Roy,552095391233,14636003122,Punjab National Bank,"House 721, Model Town, Sonitpur",Sonitpur,MGNREGA,6644.81,1998-05-03,9799357550,2025-07-08
157,Anita Nath,104732699101,57299375209,Canara Bank,"House 994, Model Town, Lakhimpur",Lakhimpur,PMKVY Skill Dev,8556.43,1973-07-19,9523785669,2023-05-23
158,Mukesh Nath,047059964410,61945366413,Punjab National Bank,"House 826, Ambedkar Nagar, Ludhiana",Ludhiana,NSAP Pension,5113.45,1991-08-02,9688117392,2020-11-12
159,Umesh Devi,826091383939,04206547626,Central Bank,"House 98, Azad Nagar, Nagaon",Nagaon,PM-KISAN,3235.01,1987-04-13,9177419479,2023-09-13
160,Pooja Bose,729030494962,90661621539,Canara Bank,"House 139, Rampur, Nagaon",Nagaon,MGNREGA,11983.73,1979-08-22,9219498639,2022-03-09
161,Santosh Joshi,260776193981,35251534582,Union Bank,"House 248, Indira Colony, Kanpur",Kanpur,MGNREGA,3676.04,1974-01-28,9885983208,2024-01-31
162,Priya Pandey,349262120619,46138783802,Canara Bank,"House 671, Nehru Vihar, Ludhiana",Ludhiana,PMSBY Insurance,1961.98,1977-04-03,9168683011,2025-09-23
163,Leela Mukherjee,350112287826,27084875635,Bank of Baroda,"House 145, Netaji Nagar, Jaipur",Jaipur,PMKVY Skill Dev,8571.0,1991-07-25,9539343491,2020-11-05
164,Sunil Nair,346190914702,62897655687,Canara Bank,"House 830, New Colony, Sivasagar",Sivasagar,MGNREGA,11839.2,1978-02-07,9047563566,2025-02-03
165,Sunil Mallah,559100682905,20406870585,Union Bank,"House 826, Lal Bahadur Nagar, Indore",Indore,MGNREGA,9325.5,1968-03-30,9562711900,2021-06-25
166,Kiran Chauhan,204317168275,39113507632,Union Bank,"House 633, Ambedkar Nagar, Barpeta",Barpeta,PMSBY Insurance,1254.2,1968-07-03,9398270305,2021-07-12
167,Usha Mehta,070810673455,34888453812,Indian Bank,"House 322, Rampur, Lakhimpur",Lakhimpur,Ayushman Bharat,48014.44,1975-01-27,9411771868,2022-06-12
168,Yogesh Kurmi,943451131281,23358348907,Canara Bank,"House 303, Netaji Nagar, Dhubri",Dhubri,PM Awas Yojana,139182.22,1987-02-02,9786582692,2022-08-26
169,Meera Mishra,317432001381,02543359423,UCO Bank,"House 102, Model Town, Dhubri",Dhubri,PMKVY Skill Dev,14515.2,1970-10-02,9403245363,2025-10-02
170,Shanti Nirmalkar,002769154481,05123413722,Union Bank,"House 639, Gandhi Nagar, Ludhiana",Ludhiana,PM-KISAN,4509.02,1976-04-11,9484520475,2021-01-17
171,Devaki Das,674428626769,87418914549,State Bank of India,"House 588, Rajiv Nagar, Goalpara",Goalpara,Ayushman Bharat,49212.42,1958-02-17,9359365389,2022-06-26
172,Anjali Rani,800559663866,32363985882,State Bank of India,"House 389, New Colony, Gorakhpur",Gorakhpur,MGNREGA,8482.37,1965-07-09,9317557205,2024-01-24
173,Vandana Mukherjee,488775984024,24858952416,Union Bank,"House 440, Rampur, Sonitpur",Sonitpur,PM Ujjwala,1833.13,1983-08-27,9602103118,2022-11-07
174,Neha Gupta,199281550760,15596478164,Bank of Baroda,"House 565, Rampur, Allahabad",Allahabad,MGNREGA,8844.65,1964-09-20,9439864303,2023-02-12
175,Mahesh Verma,928776108783,36155767792,Bank of India,"House 700, Bapunagar, Kanpur",Kanpur,PM Fasal Bima,23159.16,1994-03-01,9762231886,2024-03-14
176,Kiran Das,030367462159,55242556155,Bank of Baroda,"House 879, Model Town, Bhopal",Bhopal,PM Awas Yojana,146700.47,1969-12-14,9700408134,2022-12-17
177,Neha Jha,303001281117,21529874136,Bank of India,"House 780, Shantinagar, Kanpur",Kanpur,PM-KISAN,5570.41,1995-09-08,9582079346,2024-02-10
178,Kamla Lodhi,039592852004,94348539906,State Bank of India,"House 632, Netaji Nagar, Indore",Indore,PM Awas Yojana,149236.18,1981-06-29,9257250104,2024-09-12
179,Seema Nair,313787986203,39272379655,Bank of India,"House 601, Shantinagar, Raipur",Raipur,Ayushman Bharat,25737.6,2000-06-17,9887659996,2024-03-02
180,Meera Verma,591983849662,37659008372,Bank of India,"House 878, Indira Colony, Bhopal",Bhopal,PM Awas Yojana,147997.24,1997-12-26,9718952494,2025-12-11
181,Sanjay Rani,766641000478,85905166120,Central Bank,"House 169, Bapunagar, Darbhanga",Darbhanga,NSAP Pension,5233.84,1961-02-14,9772257588,2023-02-27
182,Mangala Sahu,520623452900,07443592317,Punjab National Bank,"House 980, Lal Bahadur Nagar, Bilaspur",Bilaspur,NSP Scholarship,4779.35,1979-07-07,9302470189,2023-04-11
183,Kiran Thakur,565921849076,48562832769,UCO Bank,"House 155, Rampur, Bhopal",Bhopal,MGNREGA,7779.89,1966-11-06,9088471070,2022-09-09
184,Sunita Reddy,579308963757,07825178140,UCO Bank,"House 413, Sardar Patel Nagar, Gorakhpur",Gorakhpur,Ayushman Bharat,15515.86,1991-05-02,9049592530,2024-12-09
185,Geeta Sahu,603764664619,76283629006,Central Bank,"House 12, Shantinagar, Sivasagar",Sivasagar,PM-KISAN,2217.65,1964-01-07,9009274721,2021-07-07
186,Usha Lodhi,486642514633,13398065520,Bank of India,"House 242, Subhash Nagar, Bhopal",Bhopal,PM Ujjwala,1970.47,1960-03-20,9836283026,2022-12-30
187,Mukesh Kewat,687380337426,83054902942,Bank of Baroda,"House 660, Rampur, Lakhimpur",Lakhimpur,NSP Scholarship,7818.33,1963-07-05,9818658381,2024-05-17
188,Rajan Reddy,873078402018,17046798897,State Bank of India,"House 147, Nehru Vihar, Sonitpur",Sonitpur,PMSBY Insurance,1958.07,2000-10-28,9892529695,2022-05-06
189,Suman Singh,765352326344,27793629949,State Bank of India,"House 639, Lal Bahadur Nagar, Darrang",Darrang,Ayushman Bharat,15491.63,1958-10-04,9142817975,2025-08-20
190,Geeta Mukherjee,878622285652,22586019523,Indian Bank,"House 992, Netaji Nagar, Muzaffarpur",Muzaffarpur,PMSBY Insurance,1202.07,1968-08-19,9941810859,2024-01-30
191,Vandana Thakur,887929211657,95927250936,Bank of India,"House 711, Netaji Nagar, Lakhimpur",Lakhimpur,PM Awas Yojana,123068.46,1962-03-29,9423355713,2023-03-09
192,Anita Kurmi,719998831781,21221196967,Central Bank,"House 522, Ambedkar Nagar, Bilaspur",Bilaspur,PMKVY Skill Dev,11454.36,1989-01-15,9108183811,2024-06-26
193,Priya Kewat,687549897512,91307735501,Union Bank,"House 535, New Colony, Gorakhpur",Gorakhpur,PM Fasal Bima,3984.33,1999-05-19,9005698236,2022-11-16
194,Seema Patel,673838113074,24775507879,Indian Bank,"House 514, Subhash Nagar, Muzaffarpur",Muzaffarpur,NSAP Pension,2577.83,1993-12-16,9929522840,2020-12-01
195,Anil Verma,460453924411,94657640766,Indian Bank,"House 438, Ambedkar Nagar, Lucknow",Lucknow,NSAP Pension,2890.2,1985-04-20,9243829263,2020-12-31
196,Munni Kewat,686337588237,45330268915,Bank of Baroda,"House 704, Netaji Nagar, Bhopal",Bhopal,PM Ujjwala,2426.7,1992-07-07,9827877016,2024-10-22
197,Priya Chatterjee,353165311024,63940120028,Bank of Baroda,"House 21, Krishnanagar, Gorakhpur",Gorakhpur,NSAP Pension,2614.2,1914-07-21,9181315434,2025-10-06
198,Mamta Mallah,108517632523,95217462339,Allahabad Bank,"House 24, New Colony, Allahabad",Allahabad,NSAP Pension,2173.04,1969-05-08,9259872109,2021-07-02
199,Devaki Rajput,246169408089,96754863516,UCO Bank,"House 663, Nehru Vihar, Darbhanga",Darbhanga,PMSBY Insurance,1324.24,1958-06-11,9237561408,2023-06-17
200,Naresh Kahar,313582686652,16120901046,Bank of Baroda,"House 419, Rajiv Nagar, Kamrup",Kamrup,PM Awas Yojana,143558.05,1970-02-28,9404580450,2023-12-14
201,Usha Bose,674428626769,59607159708,Bank of India,"House 199, Bapunagar, Ludhiana",Ludhiana,NSP Scholarship,8754.68,1972-03-21,9095685490,2025-11-02
202,Kamla Mukherjee,473857399610,99072465390,Bank of India,"House 949, Shantinagar, Bhopal",Bhopal,NSAP Pension,5314.59,1969-06-10,9571374340,2021-08-30
203,Kamla Devi,124414389963,25897693634,Canara Bank,"House 396, Bapunagar, Raipur",Raipur,PM Ujjwala,2728.06,1963-03-26,9257077748,2024-08-11
204,Ganesh Mallah,674428626769,42210236272,Union Bank,"House 496, Rajiv Nagar, Gorakhpur",Gorakhpur,PM Fasal Bima,20090.65,1959-08-23,9572776367,2021-08-09
205,Nisha Tiwari,655065535679,35807568889,Canara Bank,"House 319, Ambedkar Nagar, Sivasagar",Sivasagar,PM Ujjwala,2089.04,1969-01-12,9861865794,2024-06-20
206,Devaki Kahar,117296239703,14939311500,Central Bank,"House 852, Nehru Vihar, Kanpur",Kanpur,PM Fasal Bima,7236.6,1998-02-08,9470301697,2022-02-14
207,Lalita Sahu,584954130442,20194033214,UCO Bank,"House 23, Azad Nagar, Raipur",Raipur,Ayushman Bharat,14513.38,1970-08-18,9912890994,2021-02-15
208,Prakash Yadav,720118404813,50671519912,Union Bank,"House 979, Azad Nagar, Goalpara",Goalpara,MGNREGA,6988.05,1995-04-07,9868376966,2021-06-01
209,Devaki Lodhi,354565714294,29917773321,Union Bank,"House 793, Sardar Patel Nagar, Raipur",Raipur,MGNREGA,10002.27,1957-04-07,9498794727,2025-10-23
210,Meera Sharma,129980701159,06096243010,Allahabad Bank,"House 649, Nehru Vihar, Nagaon",Nagaon,NSAP Pension,2084.27,1959-12-19,9763537217,2022-01-22
211,Asha Reddy,668328603342,91609032240,UCO Bank,"House 188, Netaji Nagar, Indore",Indore,PM-KISAN,2595.39,1998-01-24,9867129356,2025-03-24
212,Devaki Nair,068390045599,37365349002,Indian Bank,"House 517, Subhash Nagar, Goalpara",Goalpara,PM Awas Yojana,144460.38,1958-07-30,9687698382,2025-03-04
213,Meera Bind,397313554271,46780666985,State Bank of India,"House 487, Nehru Vihar, Bhopal",Bhopal,PM Ujjwala,2084.48,1961-07-10,9340915029,2023-01-23
214,Mohan Rajput,674428626769,90716639390,Bank of India,"House 248, Netaji Nagar, Jorhat",Jorhat,PM Fasal Bima,11191.11,1974-09-29,9634842785,2024-03-15
215,Nisha Chatterjee,200473678207,40496199639,Canara Bank,"House 950, Gandhi Nagar, Muzaffarpur",Muzaffarpur,MGNREGA,6245.39,1921-02-02,9125279159,2023-03-21
216,Devaki Jha,627711729071,26982392624,Allahabad Bank,"House 174, Indira Colony, Gaya",Gaya,PMSBY Insurance,1794.74,1966-09-05,9511894894,2021-02-23
217,Devaki Verma,317967033138,62235651997,State Bank of India,"House 773, Model Town, Indore",Indore,NSAP Pension,3533.83,1965-01-10,9205853451,2024-08-02
218,Devaki Kewat,427204387477,64899864381,UCO Bank,"House 986, Lal Bahadur Nagar, Ludhiana",Ludhiana,NSAP Pension,2954.69,1993-10-21,9899045822,2024-03-10
219,Kiran Kahar,465359961438,04373393524,Bank of India,"House 34, Subhash Nagar, Muzaffarpur",Muzaffarpur,PM Ujjwala,2690.3,1987-12-18,9679745903,2025-05-24
220,Yogesh Gupta,423910017823,65254041973,Union Bank,"House 306, Indira Colony, Bilaspur",Bilaspur,PM Ujjwala,2801.41,1958-05-11,9435748823,2024-07-12
221,Suresh Chatterjee,842720481468,19030969369,Bank of India,"House 615, Subhash Nagar, Varanasi",Varanasi,MGNREGA,4118.28,1982-08-21,9210559825,2025-08-18
222,Usha Naidu,438379949640,20278641585,Union Bank,"House 135, Shantinagar, Patna",Patna,PMSBY Insurance,1677.77,1963-07-23,9709381256,2023-10-02
223,Mukesh Reddy,114589348601,77090868515,UCO Bank,"House 519, Subhash Nagar, Ludhiana",Ludhiana,Ayushman Bharat,10331.97,1995-08-01,9861054352,2022-12-26
224,Vinod Chauhan,033434607183,07963909383,Bank of Baroda,"House 192, Azad Nagar, Kamrup",Kamrup,NSAP Pension,5352.87,1992-05-06, ,2021-01-18
225,Pooja Chatterjee,764375056002,83750709963,Punjab National Bank,"House 197, Sardar Patel Nagar, Dhubri",Dhubri,PM Fasal Bima,21470.76,1996-06-13,9338393703,2025-09-09
226,Tulsi Rani,204998724517,14426585123,Bank of India,"House 94, Sardar Patel Nagar, Gorakhpur",Gorakhpur,MGNREGA,4140.07,1970-09-25,9962289179,2022-11-26
227,Naresh Maurya,083900302769,39819831436,Indian Bank,"House 221, Gandhi Nagar, Gaya",Gaya,PMKVY Skill Dev,11501.12,1983-04-05,9908406003,2021-11-21
228,Pooja Chatterjee,993739641877,47861756238,Punjab National Bank,"House 833, Gandhi Nagar, Gorakhpur",Gorakhpur,PMKVY Skill Dev,16037.33,1985-01-20,9383259555,2024-12-24
229,Vandana Kurmi,335216583402,33629532424,Central Bank,"House 875, Azad Nagar, Dhubri",Dhubri,PMSBY Insurance,1491.76,1983-02-04,9557686141,2023-10-29
230,Meera Naidu,876383729779,97989987731,Punjab National Bank,"House 181, Gandhi Nagar, Jorhat",Jorhat,PMKVY Skill Dev,14542.66,2000-11-11,9868724746,2024-09-26
231,Vandana Tiwari,258537427236,39753994285,Bank of India,"House 544, Model Town, Kanpur",Kanpur,MGNREGA,12144.4,1989-04-06,9984141995,2024-02-27
232,Sanjay Naidu,667558978259,87494333957,Central Bank,"House 164, Rampur, Gorakhpur",Gorakhpur,Ayushman Bharat,30640.42,1995-03-24,9334267964,2024-01-19
233,Leela Nair,048953126989,87750693920,Allahabad Bank,"House 723, Azad Nagar, Gaya",Gaya,MGNREGA,6170.11,1979-05-29,9995128901,2022-03-15
234,Ramesh Pillai,932678005481,01504146804,Indian Bank,"House 59, Gandhi Nagar, Amritsar",Amritsar,PMSBY Insurance,1557.19,1993-01-21,9428554506,2024-10-24
235,Prakash Tiwari,959668533773,54717541642,Canara Bank,"House 761, Sardar Patel Nagar, Nagaon",Nagaon,PM Fasal Bima,16724.42,1979-06-17,9548347933,2025-12-13
236,Vinod Tiwari,822740924732,36126411230,Union Bank,"House 777, Netaji Nagar, Gaya",Gaya,PM Ujjwala,2796.44,1985-04-13,9145663708,2024-12-23
237,Kamla Chatterjee,903930114261,65549588897,Bank of Baroda,"Plot No.5, Near Panchayat Office, Gaya",Goalpara,NSAP Pension,5915.68,1961-11-04,9002924383,2025-06-26
238,Pushpa Bind,118629086547,51773887160,Central Bank,"Plot No.2, Near Panchayat Office, Jorhat",Kamrup,PM-KISAN,4093.77,1994-01-07,9971792600,2023-10-09
239,Devaki Tiwari,789307993551,87750693920,State Bank of India,"House 880, Rampur, Ludhiana",Ludhiana,NSP Scholarship,5901.09,1976-08-02,9691802717,2022-09-16
240,Neha Singh,561746229222,12078244317,Indian Bank,"House 312, Rampur, Amritsar",Amritsar,PM Fasal Bima,10740.88,1983-01-12,9878972289,2024-07-20
241,Asha Yadav,671309352555,60861905637,UCO Bank,"House 276, Sardar Patel Nagar, Jorhat",Jorhat,Ayushman Bharat,7341.14,1970-10-02,9033774599,2022-07-08
242,Umesh Gupta,798459606360,14636003122,State Bank of India,"House 333, Krishnanagar, Bilaspur",Bilaspur,MGNREGA,7148.8,1982-07-08,9285570659,2024-11-29
243,Prakash Reddy,708898608743,50300882437,Punjab National Bank,"House 974, Lal Bahadur Nagar, Nagaon",Nagaon,PM Fasal Bima,5137.36,1965-06-26,9104921537,2022-09-29
244,Mohan Nirmalkar,637684743436,15223343824,Punjab National Bank,"House 841, Gandhi Nagar, Darrang",Darrang,PMKVY Skill Dev,11168.53,1975-03-06,9831569278,2023-05-15
245,Prakash Pandey,411731381844,64419553038,Canara Bank,"House 239, Rampur, Darrang",Darrang,PMKVY Skill Dev,18128.51,1968-02-05,9405696112,2024-05-05
246,Mukesh Mishra,999578021515,20992251207,Bank of India,"House 842, Bapunagar, Sonitpur",Sonitpur,MGNREGA,9014.94,1967-07-16,9952765558,2024-10-08
247,Mohan Kewat,006458994316,62475227668,Punjab National Bank,"House 369, New Colony, Jaipur",Jaipur,PMKVY Skill Dev,10491.34,1959-09-16,9962797218,2024-08-16
248,Rekha Naidu,678376628037,15502639937,Punjab National Bank,"House 353, Gandhi Nagar, Jabalpur",Jabalpur,NSP Scholarship,3682.18,1991-10-21,9138396136,2021-05-11
249,Parvati Devi,074734790729,24615186262,UCO Bank,"House 448, Model Town, Ludhiana",Ludhiana,PM-KISAN,4317.42,1961-07-08,9294640135,2023-03-22
250,Hari Singh,897093451305,83851611385,Bank of India,"House 27, Indira Colony, Bhagalpur",Bhagalpur,Ayushman Bharat,11457.31,1982-07-15,9076045147,2023-11-05
251,Saroj Naidu,320501992965,46301786583,Central Bank,"House 530, Bapunagar, Varanasi",Varanasi,PM Awas Yojana,142367.99,1972-12-25,9302150547,2025-10-23
252,Sunita Joshi,734245479050,04570732561,Allahabad Bank,"House 616, Ambedkar Nagar, Lakhimpur",Lakhimpur,NSAP Pension,3412.37,1990-03-12,9462046957,2021-09-26
253,Rajesh Kewat,978865060485,99666191422,State Bank of India,"House 31, Indira Colony, Bhopal",Bhopal,PMKVY Skill Dev,14231.69,1998-06-07,9111164492,2024-03-13
254,Leela Kurmi,932674021590,90354127300,State Bank of India,"House 646, Azad Nagar, Indore",Indore,PM-KISAN,2736.78,1995-12-16,9861712540,2023-07-07
255,Kamla Thakur,539030579789,12166385419,Allahabad Bank,"House 184, Lal Bahadur Nagar, Varanasi",Varanasi,PMKVY Skill Dev,8001.59,1998-04-18,9821548988,2022-10-17
256,Dinesh Thakur,773857651575,46696042714,Bank of India,"House 797, Bapunagar, Barpeta",Barpeta,PMSBY Insurance,1686.35,1968-03-26, ,2021-01-25
257,Guddi Joshi,997956863332,13430332989,State Bank of India,"House 31, Rajiv Nagar, Darbhanga",Darbhanga,Ayushman Bharat,44056.93,1966-07-16,9661050246,2022-06-19
258,Lalita Mallah,482064712566,03541247158,Allahabad Bank,"House 813, Nehru Vihar, Jodhpur",Jodhpur,PM Fasal Bima,9174.21,1993-09-15,9504691747,2025-06-08
259,Bharat Pandey,474871367779,03284398871,Bank of India,"House 53, New Colony, Ludhiana",Ludhiana,MGNREGA,14286.45,1986-02-05,9694508671,2022-02-16
260,Ramesh Kewat,112509653320,28655406061,Indian Bank,"House 121, Shantinagar, Sonitpur",Sonitpur,PM Awas Yojana,128459.1,1962-09-28,9275054605,2024-07-17
261,Kavita Patel,792580661730,95136413562,State Bank of India,"House 496, Sardar Patel Nagar, Bhopal",Bhopal,PM-KISAN,2975.39,1980-10-27,9457364086,2021-10-14
262,Ramesh Singh,082013151628,07242137670,Allahabad Bank,"House 226, Ambedkar Nagar, Gorakhpur",Gorakhpur,MGNREGA,11676.0,1920-02-01,9686149457,2022-10-03
263,Asha Bose,043173250704,92106958724,Punjab National Bank,"House 132, Sardar Patel Nagar, Amritsar",Amritsar,Ayushman Bharat,12170.19,1998-12-01,9948850583,2021-02-21
264,Kamla Naidu,050899085575,52550075246,Punjab National Bank,"House 45, Sardar Patel Nagar, Sivasagar",Sivasagar,PMKVY Skill Dev,16920.45,1962-05-31,9951506214,2022-08-13
265,Kavita Yadav,536111481850,26937992424,Punjab National Bank,"House 777, Subhash Nagar, Bhagalpur",Bhagalpur,PM-KISAN,4805.19,1988-04-29,9120024863,2024-03-05
266,Ramesh Ghosh,689086098853,29844912272,Allahabad Bank,"House 621, Rajiv Nagar, Jabalpur",Jabalpur,PM Awas Yojana,138059.29,1990-09-17,9045348523,2022-10-02
267,Ashok Devi,104157774176,47067955975,Central Bank,"House 674, Sardar Patel Nagar, Amritsar",Amritsar,Ayushman Bharat,24123.67,1934-10-23,9893768069,2024-12-01
268,Rajesh Devi,832293928341,72648375985,Canara Bank,"House 790, Bapunagar, Jaipur",Jaipur,NSP Scholarship,5529.55,1995-03-11,9896747244,2022-06-28
269,Suresh Lodhi,175644263237,71398472806,Central Bank,"House 637, New Colony, Nagaon",Nagaon,PM Ujjwala,2530.27,1997-12-03,9832771130,2022-05-17
270,Saroj Pandey,823043823322,00778419104,State Bank of India,"House 744, Indira Colony, Ludhiana",Ludhiana,NSP Scholarship,372560.16,1994-01-12,9027714593,2021-01-23
271,Rekha Kewat,390670516809,02908550777,Punjab National Bank,"House 769, Subhash Nagar, Kanpur",Kanpur,PM Ujjwala,1875.71,1981-10-17,9148300372,2021-03-24
272,Tulsi Gupta,702736438292,70281571529,Bank of India,"House 253, Gandhi Nagar, Gorakhpur",Gorakhpur,PMKVY Skill Dev,13031.42,1978-09-13,9321137919,2024-07-24
273,Usha Nath,612647582924,15401435061,Canara Bank,"House 834, Nehru Vihar, Darbhanga",Darbhanga,PMSBY Insurance,1486.88,1986-06-29,9280708958,2021-11-24
274,Meera Jha,579561595337,73246500982,Bank of Baroda,"House 700, Shantinagar, Sonitpur",Sonitpur,PMKVY Skill Dev,11108.02,1957-01-20,9167921363,2021-09-16
275,Sanjay Lodhi,365052671163,48860065281,Bank of India,"House 61, Indira Colony, Indore",Indore,NSAP Pension,2862.74,1971-09-11,9087744039,2025-12-14
276,Seema Jha,183042542597,05481338257,Canara Bank,"House 325, Model Town, Darrang",Darrang,NSP Scholarship,9955.03,1972-11-23,9721676693,2024-07-06
277,Munni Chauhan,832314451926,47867267707,Indian Bank,"House 710, Subhash Nagar, Kanpur",Kanpur,MGNREGA,11821.09,1971-12-14,9271058079,2025-06-09
278,Anil Bose,683381718162,20686951703,Allahabad Bank,"House 231, Sardar Patel Nagar, Bhagalpur",Bhagalpur,MGNREGA,8693.55,1963-09-09,9303168224,2022-03-26
279,Hitesh Bind,475202258494,50268117548,Indian Bank,"House 316, Lal Bahadur Nagar, Sonitpur",Sonitpur,NSP Scholarship,5617.09,1961-09-17,9410222206,2022-05-07
280,Suman Thakur,885624644228,68229333537,Allahabad Bank,"House 367, New Colony, Lakhimpur",Lakhimpur,PM Ujjwala,2342.85,1983-09-18,9649744372,2024-05-27
281,Santosh Sahu,922758669691,54066440872,Canara Bank,"House 143, Shantinagar, Jodhpur",Jodhpur,NSP Scholarship,5303.3,1979-01-10,9190680426,2021-10-14
282,Priya Singh,287726052223,76366821948,Punjab National Bank,"House 248, Lal Bahadur Nagar, Muzaffarpur",Muzaffarpur,NSP Scholarship,4055.67,1970-02-18,9167942399,2023-09-20
283,Pooja Shah,783594058828,32204701829,UCO Bank,"House 754, Bapunagar, Kamrup",Kamrup,PM Fasal Bima,14121.62,1961-05-22,9222498708,2023-08-24
284,Sanjay Shah,138295624559,11883858956,Bank of India,"House 716, New Colony, Patna",Patna,PM Awas Yojana,149171.64,1965-09-25,9581006062,2022-01-09
285,Guddi Chauhan,847005423922,71310442035,Canara Bank,"House 934, Shantinagar, Jodhpur",Jodhpur,PM Ujjwala,2435.87,1987-02-19,9440738829,2021-01-02
286,Naresh Reddy,352402241838,49187001326,Union Bank,"House 677, Netaji Nagar, Kanpur",Kanpur,PMKVY Skill Dev,12182.41,1993-07-05, ,2024-08-05
287,Umesh Chatterjee,513945648717,31151070317,Allahabad Bank,"House 935, Sardar Patel Nagar, Darrang",Darrang,Ayushman Bharat,17954.08,1963-02-07,9221808983,2025-03-25
288,Meera Maurya,407254226193,77576195492,Bank of India,"House 285, Lal Bahadur Nagar, Kamrup",Kamrup,PMKVY Skill Dev,15037.05,1964-12-28,9438264538,2023-08-28
289,Mukesh Bind,774642493492,28196573655,Central Bank,"House 542, Sardar Patel Nagar, Gaya",Gaya,PMKVY Skill Dev,14595.87,1980-11-26,9187701243,2021-09-07
290,Anita Nirmalkar,487227164569,67889379336,State Bank of India,"House 843, Indira Colony, Lakhimpur",Lakhimpur,PM Awas Yojana,130787.09,1961-10-06,9814692141,2024-11-18
291,Santosh Iyer,990230395389,81367485474,Union Bank,"House 450, Rajiv Nagar, Indore",Indore,PM Fasal Bima,17566.35,1978-05-11,9933496074,2023-09-18
292,Tulsi Nath,467003845137,95308831144,Allahabad Bank,"House 796, Gandhi Nagar, Goalpara",Goalpara,PMSBY Insurance,1958.31,1976-11-02,9981258962,2022-02-24
293,Bharat Nirmalkar,650403495432,80800341475,Central Bank,"House 34, Netaji Nagar, Jodhpur",Jodhpur,PMKVY Skill Dev,12075.6,1983-11-22,9949698219,2020-11-10
294,Suman Ghosh,080033514926,66332091603,Union Bank,"House 722, Azad Nagar, Jorhat",Jorhat,PM Fasal Bima,19101.05,1992-05-31,9131340050,2025-02-11
295,Parvati Pandey,943243199136,24473717244,Central Bank,"House 247, Nehru Vihar, Kamrup",Kamrup,PM Awas Yojana,123263.49,1997-09-14,9000109483,2023-08-27
296,Deepak Lodhi,480758465914,84432668385,Punjab National Bank,"House 692, Bapunagar, Lucknow",Lucknow,PMSBY Insurance,1477.33,1957-12-29,9154756202,2021-03-06
297,Meera Jha,251832302190,12301048276,Central Bank,"House 254, Ambedkar Nagar, Barpeta",Barpeta,PM-KISAN,3955.75,1966-12-12,9218069746,2020-11-09
298,Pooja Das,528139544160,02679381377,Bank of Baroda,"House 382, Subhash Nagar, Gorakhpur",Gorakhpur,Ayushman Bharat,18305.24,1998-03-05,9563335423,2024-04-08
299,Vandana Jha,819563957893,14063770851,Canara Bank,"House 676, Ambedkar Nagar, Gorakhpur",Gorakhpur,PMKVY Skill Dev,18136.93,1957-04-13,9388966755,2021-08-10
300,Priya Joshi,604899334698,16705769086,Bank of India,"House 105, Indira Colony, Jaipur",Jaipur,PM Ujjwala,3065.44,1996-03-05,9103716991,2022-02-16
301,Ashok Sahu,378561981929,91993169069,Bank of India,"House 608, Sardar Patel Nagar, Amritsar",Amritsar,PM Ujjwala,1722.01,1997-07-08,9423477434,2025-04-16
302,Prakash Kumar,822592706091,19818896305,Punjab National Bank,"House 467, Shantinagar, Indore",Indore,MGNREGA,7375.58,1960-11-25,9989314102,2020-10-17
303,Savita Joshi,126453162095,61691829990,Indian Bank,"House 622, Bapunagar, Kamrup",Kamrup,PM-KISAN,4678.47,2001-03-16,9008469222,2022-06-25
304,Rekha Sharma,219066514778,76819409594,Canara Bank,"House 178, Gandhi Nagar, Kanpur",Kanpur,NSP Scholarship,10299.68,1976-04-20,9374905140,2024-05-14
305,Rekha Bose,764137353820,95048520875,Bank of India,"House 504, Indira Colony, Gorakhpur",Gorakhpur,PM Ujjwala,3192.36,1986-03-12,9122411221,2021-05-23
306,Ashok Bose,016500270260,17218766525,UCO Bank,"House 405, New Colony, Raipur",Raipur,PMKVY Skill Dev,19350.45,1968-05-25,9825420658,2022-02-25
307,Pooja Chauhan,830169910576,11111111111,Indian Bank,"House 290, Rampur, Goalpara",Goalpara,NSP Scholarship,5439.41,1970-09-30,9164725368,2025-08-27
308,Babli Verma,214786168731,23741316537,State Bank of India,"House 714, Azad Nagar, Udaipur",Udaipur,Ayushman Bharat,46234.15,1964-07-06, ,2020-10-11
309,Mahesh Iyer,086779237687,77626188389,Allahabad Bank,"House 954, Model Town, Kamrup",Kamrup,PM Ujjwala,2055.47,1962-04-11,9077489718,2023-06-18
310,Meera Patel,075047073143,15011442319,Bank of India,"House 510, Subhash Nagar, Allahabad",Allahabad,PMKVY Skill Dev,12920.61,1973-06-20,9202438775,2025-10-06
311,Anil Patel,007046054586,88073523864,Bank of Baroda,"House 314, Netaji Nagar, Lucknow",Lucknow,NSP Scholarship,11937.02,1967-01-02,9169416012,2025-09-29
312,Saroj Kumar,588651372917,28589195286,Bank of Baroda,"House 985, Lal Bahadur Nagar, Indore",Indore,PM-KISAN,4692.54,1978-11-27,9051545163,2024-06-08
313,Ritu Chatterjee,139487190214,23811873904,Central Bank,"House 471, Bapunagar, Gorakhpur",Gorakhpur,PM Awas Yojana,144221.5,1998-03-27,9216217261,2024-07-12
314,Guddi Shah,355101234933,97043674023,Bank of India,"House 89, Shantinagar, Bhagalpur",Bhagalpur,PMSBY Insurance,1505.24,1962-01-21,9923964111,2021-04-28
315,Kamla Kewat,727711270560,66280213260,Allahabad Bank,"House 564, Lal Bahadur Nagar, Patna",Patna,PM Ujjwala,2993.32,1970-06-15,9346327871,2025-03-02
316,Pushpa Sharma,731763252835,52552639289,Indian Bank,"Plot No.4, Near Panchayat Office, Sonitpur",Sonitpur,PM-KISAN,3295.36,1972-06-08,9708221086,2023-06-22
317,Parvati Bose,190482436962,65754262576,Canara Bank,"House 89, New Colony, Gorakhpur",Gorakhpur,MGNREGA,4114.14,1968-08-31,9669145008,2024-01-06
318,Mangala Mallah,180894570119,77473612729,UCO Bank,"House 716, Gandhi Nagar, Varanasi",Varanasi,PMKVY Skill Dev,8684.86,1988-12-23,9368731054,2022-05-01
319,Anil Singh,082842849950,94502506315,UCO Bank,"House 826, Nehru Vihar, Sivasagar",Sivasagar,PM Awas Yojana,149582.74,1990-03-23,9771568510,2023-06-03
320,Munni Bose,742182788726,65912220589,Union Bank,"House 14, Netaji Nagar, Kanpur",Kanpur,PM Awas Yojana,146310.49,1961-09-11,9111630756,2022-03-08
321,Rekha Nair,960034678900,51500597785,UCO Bank,"House 539, Rampur, Dhubri",Dhubri,PMSBY Insurance,1367.66,1958-05-24,9416023065,2020-10-06
322,Vandana Reddy,596360212867,87346704643,Punjab National Bank,"House 613, Indira Colony, Udaipur",Udaipur,PM Ujjwala,2917.19,1968-04-26,9340505350,2022-08-18
323,Rekha Naidu,471271372081,82108006258,State Bank of India,"House 930, Netaji Nagar, Bhagalpur",Bhagalpur,PM Ujjwala,2376.1,1993-11-18,9963543264,2023-03-14
324,Kamla Pillai,088947026218,32989316787,Union Bank,"Plot No.4, Near Panchayat Office, Sonitpur",Barpeta,Ayushman Bharat,40387.47,1962-02-17,9969099830,2025-08-17
325,Kavita Patel,517093977627,27736113458,Indian Bank,"House 266, Netaji Nagar, Ludhiana",Ludhiana,PM Ujjwala,3135.91,1996-02-03,9064139100,2023-08-14
326,Kavita Yadav,049212522383,68229333537,Union Bank,"House 996, Rajiv Nagar, Patna",Patna,MGNREGA,8118.78,1997-05-17,9838706637,2022-08-04
327,Savita Roy,646950635415,14338617266,Punjab National Bank,"House 554, Model Town, Raipur",Raipur,PM Awas Yojana,147584.29,1992-12-08,9469937811,2022-10-04
328,Anita Mehta,664153758751,21109473219,Union Bank,"House 161, Ambedkar Nagar, Nagaon",Nagaon,PMSBY Insurance,1473.09,1976-04-08,9334750235,2020-10-29
329,Parvati Mehta,799933389868,36028748628,Punjab National Bank,"House 320, Gandhi Nagar, Jabalpur",Jabalpur,PMSBY Insurance,1567.67,1966-11-12,9152178414,2021-08-11
330,Ritu Sharma,429593148692,58341037870,State Bank of India,"House 77, Bapunagar, Jaipur",Jaipur,PM-KISAN,3096.59,1960-10-07,9914942028,2022-08-26
331,Anita Yadav,355038800976,37600806755,Allahabad Bank,"House 498, New Colony, Bilaspur",Bilaspur,PM Ujjwala,2169.3,1981-03-10,9939082659,2025-01-27
332,Seema Rani,507872614530,99760950681,State Bank of India,"House 559, Ambedkar Nagar, Lakhimpur",Lakhimpur,PM Awas Yojana,147105.27,1967-01-11,9256453746,2021-02-25
333,Rekha Chauhan,598617019793,06078659742,Central Bank,"House 363, Bapunagar, Patna",Patna,PM-KISAN,4898.04,1999-06-30,9576869726,2022-08-04
334,Tulsi Ghosh,548758659990,44620519700,UCO Bank,"House 991, Nehru Vihar, Goalpara",Goalpara,MGNREGA,3617.48,1977-04-27,9530450804,2024-07-02
335,Guddi Kurmi,734907770350,68279385798,UCO Bank,"House 210, Bapunagar, Patna",Patna,PMSBY Insurance,1295.48,1991-11-19,9130596925,2021-02-23
336,Priya Shah,390423678208,30552505718,Central Bank,"House 190, Gandhi Nagar, Udaipur",Udaipur,NSP Scholarship,4913.62,1997-04-17,9441932479,2020-10-15
337,Yogesh Bose,233368452561,82425064574,Allahabad Bank,"House 927, Shantinagar, Sivasagar",Sivasagar,PMSBY Insurance,1257.0,1959-02-11,9364453572,2021-08-30
338,Neha Yadav,937460898510,36855984284,Union Bank,"House 519, Lal Bahadur Nagar, Udaipur",Udaipur,Ayushman Bharat,49208.33,1998-09-07,9778283246,2023-06-17
339,Umesh Devi,101804388524,79872520278,Union Bank,"House 343, Rampur, Lakhimpur",Lakhimpur,PMKVY Skill Dev,12421.04,1980-09-15,9709872168,2022-04-17
340,Deepak Reddy,942672944155,43445862057,Canara Bank,"House 649, Rajiv Nagar, Jabalpur",Jabalpur,PMKVY Skill Dev,11915.93,1965-06-04,9187153781,2025-12-18
341,Yogesh Reddy,310479951429,69845496327,Bank of India,"House 412, Gandhi Nagar, Muzaffarpur",Muzaffarpur,Ayushman Bharat,49704.61,1977-04-05,9773627337,2022-12-28
342,Sanjay Mishra,088111040538,74036209470,Union Bank,"House 696, Subhash Nagar, Bhopal",Bhopal,NSP Scholarship,11236.02,1981-09-25,9779674018,2022-06-11
343,Pushpa Mukherjee,419411533196,90142373465,Punjab National Bank,"Plot No.5, Near Panchayat Office, Gaya",Patna,PM Ujjwala,2234.06,1966-07-28,9578282335,2025-10-19
344,Babli Reddy,859746791964,69147400090,Allahabad Bank,"House 862, Shantinagar, Allahabad",Allahabad,NSP Scholarship,10297.6,1962-10-11,9442440225,2021-03-14
345,Vijay Pandey,127991268788,77167211391,Union Bank,"House 747, Gandhi Nagar, Bhopal",Bhopal,PMSBY Insurance,1215.74,1998-03-06,9210486772,2024-08-20
346,Rajan Roy,296463278815,10715995349,Allahabad Bank,"House 396, Indira Colony, Kanpur",Kanpur,NSP Scholarship,7690.16,1994-06-25,9406180072,2024-05-16
347,Rajan Gupta,320781602114,56792865209,UCO Bank,"House 782, Shantinagar, Raipur",Raipur,NSP Scholarship,9460.5,1986-02-04,9330359095,2021-10-14
348,Rakesh Rani,885415450240,64522659734,Indian Bank,"House 665, Rampur, Bilaspur",Bilaspur,Ayushman Bharat,13725.9,1984-06-15,9915315388,2021-11-25
349,Usha Mehta,942398385829,22795317237,Bank of India,"House 35, Shantinagar, Sivasagar",Sivasagar,PMSBY Insurance,1895.88,1973-02-18,9119342256,2022-01-10
350,Mamta Nirmalkar,603775764968,62175073101,Punjab National Bank,"House 896, Lal Bahadur Nagar, Dhubri",Dhubri,PM-KISAN,4913.92,1976-11-28,9194158495,2021-07-22
351,Lalita Pillai,124739361886,53610097701,Bank of Baroda,"House 587, Nehru Vihar, Darbhanga",Darbhanga,PM Fasal Bima,13324.29,1968-02-09,9092710411,2021-11-02
352,Geeta Rajput,713174394781,81174170371,Canara Bank,"House 331, Azad Nagar, Jorhat",Jorhat,NSAP Pension,3008.63,1964-02-06,9221330195,2022-11-25
353,Asha Lodhi,815548098580,02364367862,UCO Bank,"House 618, Azad Nagar, Bhopal",Bhopal,PM Awas Yojana,123664.07,1964-01-03,9661697344,2024-05-19
354,Mangala Devi,452028774752,59290868927,Canara Bank,"House 513, Gandhi Nagar, Kanpur",Kanpur,NSP Scholarship,10140.36,1965-08-30,9568553113,2022-06-11
355,Suresh Verma,908165415148,87750693920,State Bank of India,"House 154, Nehru Vihar, Sonitpur",Sonitpur,Ayushman Bharat,28445.43,2000-01-01,9065034128,2023-06-23
356,Yogesh Joshi,814719211327,73663617405,Bank of India,"House 162, Subhash Nagar, Udaipur",Udaipur,NSP Scholarship,5531.4,1986-06-14,9592900651,2021-04-13
357,Geeta Lodhi,291280488485,97205339912,Bank of Baroda,"House 630, Netaji Nagar, Nagaon",Nagaon,PMKVY Skill Dev,15811.86,1975-09-18,9747360403,2024-12-06
358,Suman Jha,193079694783,32549062571,Union Bank,"House 66, New Colony, Muzaffarpur",Muzaffarpur,PM Fasal Bima,21286.4,1962-12-27,9903070741,2022-03-04
359,Prakash Verma,194492707430,07986868845,Central Bank,"House 223, Azad Nagar, Muzaffarpur",Muzaffarpur,MGNREGA,9496.47,2000-11-13,9970773401,2023-08-14
360,Mahesh Joshi,366328876720,13047432095,Canara Bank,"House 55, Model Town, Udaipur",Udaipur,PMSBY Insurance,1739.59,1958-07-05,9028337149,2025-11-15
361,Suresh Tiwari,476136613389,83413116424,Indian Bank,"House 986, Bapunagar, Goalpara",Goalpara,Ayushman Bharat,31410.91,1964-03-25,9690636544,2025-07-28
362,Leela Sahu,520242351483,30842703655,Canara Bank,"House 727, Subhash Nagar, Kanpur",Kanpur,PMSBY Insurance,1299.09,1984-06-23,9532534910,2023-09-05
363,Kamla Ghosh,677924749404,90826714538,UCO Bank,"House 175, Nehru Vihar, Allahabad",Allahabad,Ayushman Bharat,14685.85,1988-01-10,9146674192,2021-09-13
364,Ganesh Pandey,535713996865,77274933617,Canara Bank,"House 411, Nehru Vihar, Darbhanga",Darbhanga,PMKVY Skill Dev,9923.0,1969-10-13,9462987427,2025-01-03
365,Hari Kumar,829481015582,34291479038,State Bank of India,"House 822, Nehru Vihar, Dhubri",Dhubri,PM-KISAN,2332.12,1997-04-01,9316081560,2023-04-12
366,Yogesh Kahar,797726146356,91154690410,Canara Bank,"House 421, Shantinagar, Bhagalpur",Bhagalpur,NSAP Pension,264986.6,1998-10-16,9173714499,2023-12-22
367,Babli Verma,049306463073,20664833264,State Bank of India,"House 334, Gandhi Nagar, Muzaffarpur",Muzaffarpur,Ayushman Bharat,38040.34,1960-02-12,9596905331,2022-01-28
368,Sanjay Verma,135011543199,33732165118,Bank of Baroda,"House 620, Subhash Nagar, Muzaffarpur",Muzaffarpur,PMKVY Skill Dev,8769.74,1968-06-26,9280969082,2024-09-05
369,Pooja Kahar,942533527484,32580928605,Punjab National Bank,"House 750, New Colony, Jabalpur",Jabalpur,PM Fasal Bima,15901.79,1981-08-06,9807968565,2024-07-05
370,Tulsi Mishra,810367252652,98726854223,Allahabad Bank,"House 143, Indira Colony, Jabalpur",Jabalpur,PMKVY Skill Dev,17433.93,1961-12-08,9604125108,2024-06-01
371,Pushpa Iyer,867778020399,14636003122,Allahabad Bank,"House 950, Indira Colony, Gorakhpur",Gorakhpur,PMSBY Insurance,1451.63,2001-01-04,9900571894,2024-04-05
372,Prakash Kumar,540428246852,45441709804,Punjab National Bank,"House 910, Bapunagar, Amritsar",Amritsar,PMSBY Insurance,1730.43,1982-10-17,9663060947,2022-03-31
373,Anil Lodhi,625514515913,13443655724,Punjab National Bank,"House 672, Shantinagar, Bilaspur",Bilaspur,NSP Scholarship,3327.23,1998-09-28,9548748146,2025-12-08
374,Dinesh Rajput,992500011842,05638079329,Indian Bank,"House 102, Azad Nagar, Jodhpur",Jodhpur,MGNREGA,13094.82,2001-01-13,9166869683,2022-08-08
375,Yogesh Gupta,236468838926,20476693086,Allahabad Bank,"House 507, New Colony, Nagaon",Nagaon,PM Awas Yojana,125404.98,1987-09-19, ,2023-01-19
376,Rekha Maurya,682470852398,45073888194,Union Bank,"House 957, Bapunagar, Indore",Indore,Ayushman Bharat,30019.69,1957-11-11,9165621582,2023-07-01
377,Prakash Kurmi,649814042694,23246636175,Central Bank,"House 495, Shantinagar, Bilaspur",Bilaspur,NSP Scholarship,4137.41,1982-04-17,9458878307,2021-05-10
378,Rajesh Chauhan,625000374612,53244043805,Bank of India,"House 226, Lal Bahadur Nagar, Ludhiana",Ludhiana,PM-KISAN,2100.52,1991-04-09,9658515606,2021-09-23
379,Umesh Nair,819733382981,58650464118,UCO Bank,"Plot No.5, Near Panchayat Office, Gaya",Dhubri,Ayushman Bharat,38528.19,1983-05-17,9450472305,2024-01-11
380,Rajesh Nirmalkar,406459470401,87426634539,Canara Bank,"House 588, Subhash Nagar, Jorhat",Jorhat,PMSBY Insurance,1864.18,1961-10-08,9675415954,2024-09-20
381,Vijay Verma,815713009633,37659008372,Central Bank,"House 668, Krishnanagar, Lucknow",Lucknow,PMSBY Insurance,1269.74,1987-04-05,9401434726,2020-10-19
382,Ramesh Gupta,410176403690,73194838321,Bank of India,"House 770, Netaji Nagar, Sivasagar",Sivasagar,PM Ujjwala,2841.41,1961-09-19,9335051684,2021-04-18
383,Sunil Shah,436212957803,58218074826,Bank of Baroda,"House 42, Shantinagar, Kamrup",Kamrup,PM-KISAN,4894.85,1999-08-29,9865956519,2023-06-19
384,Kiran Naidu,917684398426,19854651971,UCO Bank,"House 398, Nehru Vihar, Dhubri",Dhubri,PM Ujjwala,3099.21,1963-01-29,9026897634,2024-03-28
385,Prakash Roy,295246702913,96652118213,Canara Bank,"House 975, Netaji Nagar, Dhubri",Dhubri,PMKVY Skill Dev,11918.62,2000-01-11,9907881475,2024-10-05
386,Kamla Roy,665164217272,75118066421,Central Bank,"House 278, Shantinagar, Darbhanga",Darbhanga,NSP Scholarship,6295.51,1959-01-05,9279890622,2024-12-30
387,Bharat Thakur,808416703723,05401411510,State Bank of India,"House 269, Gandhi Nagar, Jorhat",Jorhat,Ayushman Bharat,25316.57,1961-10-12,9610019049,2024-01-03
388,Deepak Chauhan,957517412344,65824213591,Allahabad Bank,"House 926, Model Town, Bhopal",Bhopal,NSP Scholarship,5970.86,1971-09-04,9830013435,2021-07-17
389,Santosh Das,844523467985,35061380512,State Bank of India,"House 748, Rampur, Gaya",Gaya,MGNREGA,9264.56,1985-08-01,9534479852,2023-05-11
390,Parvati Lodhi,722705811812,36426795331,UCO Bank,"House 429, Ambedkar Nagar, Lucknow",Lucknow,NSP Scholarship,9789.13,1986-01-10,9710382485,2025-06-14
391,Leela Gupta,346982279932,40247617718,Indian Bank,"House 823, Nehru Vihar, Ludhiana",Ludhiana,PM Ujjwala,2624.85,1986-12-11,9653307379,2022-01-24
392,Asha Das,036799951013,46637082475,Punjab National Bank,"House 97, Nehru Vihar, Jabalpur",Jabalpur,PM-KISAN,4488.02,1986-06-22,9348704514,2025-03-07
393,Ganga Pandey,015861429883,63442170979,Canara Bank,"House 676, New Colony, Bhagalpur",Bhagalpur,NSAP Pension,2768.48,1981-07-21,9109144584,2024-05-16
394,Sanjay Thakur,211537480133,47454787537,Union Bank,"House 910, Rajiv Nagar, Jaipur",Jaipur,Ayushman Bharat,23249.61,1978-09-28,9691153795,2022-08-09
395,Hari Patel,003543991769,92699466144,Central Bank,"House 159, Gandhi Nagar, Patna",Patna,PM Fasal Bima,21631.5,1957-04-06,9285410358,2024-03-27
396,Bharat Maurya,898587334556,14068812398,Bank of Baroda,"House 43, New Colony, Ludhiana",Ludhiana,PM Ujjwala,2171.98,1979-11-25,9440117898,2024-12-19
397,Mangala Pandey,496917373887,21474182600,Canara Bank,"House 547, Indira Colony, Bilaspur",Bilaspur,PM Awas Yojana,136490.88,1973-03-06,9089767155,2023-10-01
398,Kavita Naidu,394884487276,82126031034,Canara Bank,"House 539, Netaji Nagar, Kamrup",Kamrup,NSP Scholarship,6751.07,1974-05-26,9637144668,2022-06-06
399,Meera Maurya,097704289632,26333650332,Punjab National Bank,"House 713, Sardar Patel Nagar, Jorhat",Jorhat,PMKVY Skill Dev,17505.65,1970-04-06,9173072978,2023-05-27
400,Geeta Mehta,210148995157,20317834249,Allahabad Bank,"House 621, Nehru Vihar, Bhagalpur",Bhagalpur,PMSBY Insurance,1307.76,1959-11-03,9987908961,2022-06-17
401,Parvati Kurmi,043470873062,05299847329,State Bank of India,"House 431, Ambedkar Nagar, Darrang",Darrang,PMKVY Skill Dev,15496.52,1958-03-01,9892847361,2022-07-18
402,Asha Bose,739688257597,71128896212,Bank of Baroda,"House 917, Bapunagar, Goalpara",Goalpara,PMSBY Insurance,1560.38,1970-03-03,9996410890,2025-11-26
403,Sunita Shah,251034230235,55580158142,Canara Bank,"House 206, Sardar Patel Nagar, Sonitpur",Sonitpur,PM Fasal Bima,11131.74,1996-09-03,9401138606,2024-10-23
404,Devaki Kumar,366902142504,50825707593,Indian Bank,"House 364, Rampur, Jaipur",Jaipur,PMSBY Insurance,1675.89,1979-03-23,9890784293,2023-06-21
405,Vijay Chauhan,368956005312,67373609815,Bank of India,"House 918, Rajiv Nagar, Jorhat",Jorhat,PM-KISAN,4759.23,1967-09-09,9749922463,2023-07-20
406,Rakesh Gupta,540532470987,46992423274,UCO Bank,"House 439, Subhash Nagar, Muzaffarpur",Muzaffarpur,PMSBY Insurance,1511.15,1960-08-02,9875386084,2021-04-29
407,Guddi Nath,218711223320,29469911921,State Bank of India,"House 611, Bapunagar, Sonitpur",Sonitpur,PMKVY Skill Dev,19301.77,1959-02-01,9829483751,2024-01-12
408,Rajan Kumar,218958552442,82615687326,Bank of Baroda,"House 170, Model Town, Sivasagar",Sivasagar,PMKVY Skill Dev,19354.82,1986-10-18,9512794904,2025-04-02
409,Pooja Mallah,157149121637,76021840802,UCO Bank,"House 890, Gandhi Nagar, Darrang",Darrang,MGNREGA,7683.03,1962-11-03,9980541708,2023-12-27
410,Ganesh Pillai,544637334254,23198634178,Allahabad Bank,"House 306, Model Town, Darrang",Darrang,NSP Scholarship,4554.27,1968-09-16,9657782885,2023-02-13
411,Kamla Mishra,210549437826,80267938019,Indian Bank,"House 95, Rampur, Darbhanga",Darbhanga,PM Ujjwala,3153.59,1977-06-22,9791634135,2023-04-13
412,Anita Mehta,879496288068,99999999999,Indian Bank,"House 838, Azad Nagar, Sivasagar",Sivasagar,PM-KISAN,4098.84,1973-09-23,9403831466,2022-05-30
413,Ritu Das,191503465807,47895352058,Canara Bank,"House 872, Model Town, Jodhpur",Jodhpur,PM Fasal Bima,20652.22,1963-02-28,9729582884,2025-11-07
414,Suman Sahu,984055198351,79805500146,Indian Bank,"House 606, Subhash Nagar, Lakhimpur",Lakhimpur,PM Awas Yojana,127413.9,1963-01-21,9980891954,2025-05-07
415,Yogesh Joshi,889903362803,67794523786,Central Bank,"House 209, Sardar Patel Nagar, Sonitpur",Sonitpur,NSAP Pension,2721.51,1970-01-26,9096134325,2024-05-23
416,Santosh Reddy,927692285101,81627665482,Union Bank,"House 748, Nehru Vihar, Indore",Indore,PMSBY Insurance,1813.61,1978-11-02,9546976482,2020-12-21
417,Priya Kumar,184904440159,32538646456,Union Bank,"House 412, Gandhi Nagar, Bilaspur",Bilaspur,PM Awas Yojana,131229.5,1988-10-31,9567583728,2023-10-27
418,Sunil Kewat,302306643488,37066702062,Punjab National Bank,"House 563, Rampur, Gorakhpur",Gorakhpur,Ayushman Bharat,23793.66,2000-03-14,9761778930,2023-09-02
419,Hari Bind,108285028701,92161552613,Punjab National Bank,"House 488, Rajiv Nagar, Barpeta",Barpeta,Ayushman Bharat,33074.91,1922-01-03,9887122792,2022-09-28
420,Munni Yadav,164365453734,23077176880,Central Bank,"House 48, Lal Bahadur Nagar, Nagaon",Nagaon,NSAP Pension,1898.18,1963-07-14,9957831090,2025-07-12
421,Mamta Ghosh,181971266262,21529874136,Canara Bank,"House 337, Indira Colony, Dhubri",Dhubri,PM Fasal Bima,22889.9,1956-11-06,9023606001,2022-10-15
422,Anita Reddy,234790119444,61216621327,Central Bank,"House 560, Gandhi Nagar, Udaipur",Udaipur,PMSBY Insurance,1249.68,1973-12-28,9787155071,2021-01-13
423,Bharat Pandey,960781671139,89166108448,Allahabad Bank,"House 464, Azad Nagar, Jodhpur",Jodhpur,PM Ujjwala,3035.23,1964-01-21,9859853518,2025-11-25
424,Parvati Bind,011846437064,17090670738,Union Bank,"House 834, New Colony, Barpeta",Barpeta,NSP Scholarship,7691.53,1979-07-20,9583100311,2024-07-16
425,Nisha Singh,116935859783,98122514804,Bank of Baroda,"House 962, Shantinagar, Bilaspur",Bilaspur,NSAP Pension,2250.56,1985-09-22,9156840057,2023-10-18
426,Nisha Sahu,402299868433,09828714512,Canara Bank,"House 527, Indira Colony, Bilaspur",Bilaspur,PMSBY Insurance,1208.56,1962-07-23,9583875237,2021-05-18
427,Naresh Nath,505923935920,33813929823,Union Bank,"House 51, Rampur, Darbhanga",Darbhanga,MGNREGA,5233.17,1985-02-05,9387588593,2025-06-15
428,Pushpa Sharma,061666727914,68556035738,Indian Bank,"House 990, Netaji Nagar, Bilaspur",Bilaspur,PM Awas Yojana,129458.6,1926-09-23,9148633114,2024-08-28
429,Vinod Sharma,575945861255,65530605895,Bank of Baroda,"House 995, New Colony, Udaipur",Udaipur,Ayushman Bharat,6884.37,1957-06-16,9188106274,2022-10-04
430,Kiran Sahu,466766187484,27901797650,Allahabad Bank,"House 546, Gandhi Nagar, Varanasi",Varanasi,PM Fasal Bima,18851.34,1956-11-25,9284934007,2022-06-25
431,Suresh Jha,821805861870,86410602548,Allahabad Bank,"House 890, Shantinagar, Darrang",Darrang,NSAP Pension,4126.44,1959-03-13,9184179565,2025-07-24
432,Geeta Sahu,542308554690,44930854029,Union Bank,"House 383, Ambedkar Nagar, Sonitpur",Sonitpur,PM-KISAN,4411.27,1986-02-22,9711876006,2022-02-08
433,Savita Verma,601249739782,97832986970,Bank of Baroda,"House 123, Krishnanagar, Goalpara",Goalpara,NSP Scholarship,9924.7,1997-05-13,9815958376,2022-05-17
434,Kamla Singh,131788907831,06983606360,Bank of Baroda,"House 410, Rajiv Nagar, Jodhpur",Jodhpur,PM Fasal Bima,6166.7,1968-11-14,9373832599,2022-02-19
435,Yogesh Nair,719450087031,09517981578,Central Bank,"House 317, Ambedkar Nagar, Indore",Indore,NSAP Pension,5663.02,1978-08-31,9195526872,2021-03-08
436,Anil Bind,941549332649,38139055279,Punjab National Bank,"House 684, Subhash Nagar, Sivasagar",Sivasagar,PM Fasal Bima,19949.5,1959-10-05,9359926962,2022-05-02
437,Umesh Maurya,386213095549,79290827008,Bank of India,"House 100, Gandhi Nagar, Bhopal",Bhopal,NSP Scholarship,4198.65,1960-04-29,9433357829,2024-03-24
438,Saroj Devi,940102499372,78159274225,Union Bank,"House 576, Nehru Vihar, Barpeta",Barpeta,MGNREGA,10854.35,1973-12-05,9089784475,2025-10-20
439,Sunita Kumar,809680947495,25054078640,State Bank of India,"House 534, Model Town, Udaipur",Udaipur,PMKVY Skill Dev,15602.99,1995-02-23,9902293551,2024-08-13
440,Usha Mishra,502867924824,17649069330,Punjab National Bank,"House 208, Krishnanagar, Varanasi",Varanasi,PM Ujjwala,2567.18,1988-12-23,9457798133,2023-04-14
441,Rekha Thakur,353183446315,62357314512,Bank of India,"House 133, Netaji Nagar, Udaipur",Udaipur,PM Fasal Bima,7311.04,1989-04-13,9484782471,2022-03-22
442,Savita Bind,128310930071,70824341951,Punjab National Bank,"House 631, Krishnanagar, Jaipur",Jaipur,PM Fasal Bima,11038.95,1992-10-12,9453511729,2024-12-31
443,Suman Thakur,723890789374,15277841378,Union Bank,"House 369, Rampur, Udaipur",Udaipur,PM Fasal Bima,6496.01,1972-08-09,9194147644,2020-12-18
444,Ramesh Verma,664956182716,73207040106,Punjab National Bank,"House 33, Subhash Nagar, Nagaon",Nagaon,PMSBY Insurance,1659.21,1972-04-19,9335849184,2021-12-26
445,Sanjay Kurmi,951398804996,00293604970,Union Bank,"House 393, Rampur, Bilaspur",Bilaspur,PMKVY Skill Dev,15384.89,1974-10-23,9949342513,2025-12-02
446,Guddi Sahu,884304856219,46345830852,Allahabad Bank,"House 993, Nehru Vihar, Kanpur",Kanpur,Ayushman Bharat,33729.14,1992-09-25,9273091426,2025-12-17
447,Rakesh Thakur,460610189539,39307757743,Canara Bank,"Plot No.2, Near Panchayat Office, Jorhat",Gorakhpur,PM Awas Yojana,148525.89,1984-04-19,9902530213,2023-11-09
448,Naresh Rajput,007852150745,22243555824,Bank of Baroda,"House 378, Nehru Vihar, Raipur",Raipur,PMSBY Insurance,1699.6,1963-09-17,9024034807,2023-08-13
449,Neha Iyer,775811269014,03181817613,Bank of India,"House 853, Rampur, Dhubri",Dhubri,MGNREGA,12203.25,1981-07-14,9189190051,2023-04-19
450,Kamla Singh,417565144306,10794165853,Central Bank,"House 399, Krishnanagar, Sonitpur",Sonitpur,PM Ujjwala,2215.17,1980-04-14,9247351476,2021-11-13
451,Usha Jha,535846107287,52363073209,Bank of India,"House 576, New Colony, Nagaon",Nagaon,PM Awas Yojana,124935.87,1991-04-15,9548824712,2025-08-31
452,Kavita Chatterjee,926255136989,70005635696,Allahabad Bank,"House 481, Bapunagar, Kanpur",Kanpur,PM-KISAN,4542.38,1997-03-04,9896654569,2022-03-04
453,Savita Mishra,646410112940,60823545745,Bank of India,"House 151, Rajiv Nagar, Indore",Indore,PM Ujjwala,2326.33,1971-01-08,9164435392,2025-04-10
454,Sunil Kahar,383067393720,83777249070,Canara Bank,"House 798, Netaji Nagar, Gaya",Gaya,PM Ujjwala,2535.5,1978-12-26,9305763250,2024-05-30
455,Bharat Reddy,957081597304,92596621677,Indian Bank,"House 737, Indira Colony, Nagaon",Nagaon,MGNREGA,5577.66,1977-06-11,9820483587,2023-06-19
456,Ganga Shah,673838113074,50894575615,Canara Bank,"House 712, Rajiv Nagar, Sivasagar",Sivasagar,Ayushman Bharat,18031.08,1959-01-20,9197194452,2021-02-08
457,Usha Rani,063135952005,12007652497,Allahabad Bank,"House 190, Nehru Vihar, Sonitpur",Sonitpur,PM Fasal Bima,3251.43,1973-04-07,9899819301,2023-11-28
458,Kavita Rani,786238899622,05289806560,Union Bank,"House 667, Gandhi Nagar, Bilaspur",Bilaspur,PM Ujjwala,1969.17,1973-01-05,9278945414,2022-04-30
459,Bharat Mishra,452925058014,14285777554,Canara Bank,"House 970, Sardar Patel Nagar, Jodhpur",Jodhpur,PM Fasal Bima,8151.59,1962-06-03,9169450019,2023-08-18
460,Vijay Iyer,026574075479,58496320295,Central Bank,"House 270, Gandhi Nagar, Ludhiana",Ludhiana,PM Fasal Bima,22947.95,1973-04-29,9133070908,2024-08-04
461,Rekha Verma,682070341280,01490027887,Bank of Baroda,"House 407, Azad Nagar, Raipur",Raipur,PMKVY Skill Dev,15685.01,1964-10-19,9130246752,2024-06-19
462,Guddi Chatterjee,952835452165,64937006126,UCO Bank,"House 266, Model Town, Udaipur",Udaipur,PM Ujjwala,2089.74,1966-09-16,9569491225,2024-02-18
463,Rajan Chatterjee,107737738952,24326552903,Canara Bank,"House 711, Gandhi Nagar, Goalpara",Goalpara,PM Awas Yojana,123827.7,1960-10-17,9832964006,2025-10-26
464,Rekha Thakur,726914439473,14636003122,State Bank of India,"House 97, Lal Bahadur Nagar, Bhagalpur",Bhagalpur,MGNREGA,6131.06,1977-07-09,9556589966,2021-07-01
465,Umesh Devi,570962724279,58822765577,Indian Bank,"House 311, Azad Nagar, Jodhpur",Jodhpur,PM Ujjwala,3079.51,1963-10-09,9370506906,2021-11-23
466,Rajan Gupta,387533876000,87494333957,Central Bank,"House 256, Nehru Vihar, Sonitpur",Sonitpur,PM Awas Yojana,149785.11,1976-08-28,9247587206,2023-07-15
467,Ganesh Nath,406374526250,16487944474,Allahabad Bank,"House 990, Nehru Vihar, Sonitpur",Sonitpur,NSP Scholarship,9028.85,1963-09-25,9118468189,2021-02-13
468,Mohan Reddy,074025953333,81375643072,Indian Bank,"House 169, Sardar Patel Nagar, Goalpara",Goalpara,PM-KISAN,2378.11,1975-11-03,9990562293,2024-06-04
469,Kamla Verma,467475141202,31337802972,UCO Bank,"House 859, Ambedkar Nagar, Kanpur",Kanpur,NSAP Pension,2450.04,1998-06-17,9269275301,2024-07-22
470,Asha Chauhan,167020989397,87750693920,Bank of Baroda,"House 58, Rajiv Nagar, Lucknow",Lucknow,Ayushman Bharat,47210.14,1980-08-28,9525363872,2023-11-04
471,Vijay Devi,610353146074,02296187234,Allahabad Bank,"House 318, Rajiv Nagar, Kanpur",Kanpur,Ayushman Bharat,38557.15,1972-03-11,9873467916,2021-04-26
472,Vijay Thakur,718637464042,50320613660,State Bank of India,"House 994, Model Town, Barpeta",Barpeta,PM Ujjwala,2592.95,1982-03-18,9982342410,2021-12-07
473,Anjali Verma,624697299757,10692186534,Bank of Baroda,"House 444, Model Town, Lakhimpur",Lakhimpur,MGNREGA,7773.21,1987-08-04,9020558927,2021-02-06
474,Umesh Nirmalkar,608637843971,68229333537,State Bank of India,"House 764, Rajiv Nagar, Muzaffarpur",Muzaffarpur,PM Ujjwala,1718.23,1962-09-16,9325124456,2024-10-15
475,Anjali Maurya,463903883649,29031895489,Canara Bank,"House 80, Lal Bahadur Nagar, Dhubri",Dhubri,MGNREGA,4535.12,1970-06-06,9551228104,2023-06-13
476,Sunil Lodhi,923873628608,46315739949,Bank of India,"House 205, New Colony, Lakhimpur",Lakhimpur,PM Fasal Bima,4890.36,1957-08-06,9893643438,2025-11-28
477,Naresh Rajput,259234748386,19714860641,Allahabad Bank,"House 884, Lal Bahadur Nagar, Bhopal",Bhopal,MGNREGA,5020.33,1962-03-12,9542270591,2021-09-30
478,Parvati Sharma,930943963227,07581794878,Allahabad Bank,"Plot No.2, Near Panchayat Office, Jorhat",Patna,PMSBY Insurance,1583.26,1979-11-30,9169959817,2025-02-24
479,Santosh Das,178543956401,80171744868,UCO Bank,"House 78, Bapunagar, Jaipur",Jaipur,PM Fasal Bima,22866.84,1992-07-28,9724848766,2023-04-03
480,Babli Nath,703923137406,81145566360,Bank of Baroda,"House 125, Gandhi Nagar, Indore",Indore,PMKVY Skill Dev,9088.13,1968-10-20,9770032350,2021-03-21
481,Suresh Mishra,263415551555,03264013324,Indian Bank,"House 16, Azad Nagar, Varanasi",Varanasi,PM Awas Yojana,124095.6,1971-01-12,9385385128,2021-02-13
482,Ritu Nath,696394578082,21034698493,State Bank of India,"House 242, Lal Bahadur Nagar, Darbhanga",Darbhanga,PMSBY Insurance,1891.28,1996-04-07,9989480655,2022-03-17
483,Vandana Thakur,777652969509,93493928148,Bank of Baroda,"House 677, Subhash Nagar, Gaya",Gaya,PM Awas Yojana,125755.76,1927-06-19,9094928484,2023-06-06
484,Priya Lodhi,484822599774,00476807984,Indian Bank,"House 120, Netaji Nagar, Jorhat",Jorhat,PMSBY Insurance,1232.17,1967-08-11,9739408332,2021-10-19
485,Suresh Jha,750388420091,09828714512,Bank of India,"House 264, Netaji Nagar, Gaya",Gaya,PMKVY Skill Dev,15145.84,1987-08-05,9660062886,2020-10-15
486,Vijay Tiwari,752450991823,85665267127,Central Bank,"House 838, Azad Nagar, Darbhanga",Darbhanga,PMSBY Insurance,1429.46,1957-11-20,9600864782,2021-05-30
487,Parvati Singh,559531498523,41659719395,Canara Bank,"House 860, Lal Bahadur Nagar, Bhagalpur",Bhagalpur,PM Ujjwala,1898.2,1969-02-23,9791073292,2022-05-01
488,Lalita Mishra,530291850119,75676304925,Union Bank,"House 97, Shantinagar, Sonitpur",Sonitpur,PM Fasal Bima,24794.4,1963-05-15,9394154006,2024-12-11
489,Mamta Pillai,055580612736,88493560942,Bank of Baroda,"House 975, Nehru Vihar, Darbhanga",Darbhanga,MGNREGA,10050.82,1968-11-06,9133590122,2023-08-25
490,Umesh Ghosh,991767695923,48196328238,UCO Bank,"House 223, Indira Colony, Barpeta",Barpeta,MGNREGA,14609.28,1966-11-23,9830008956,2024-01-18
491,Mukesh Nirmalkar,527077412835,58492848985,Bank of India,"House 222, Rampur, Patna",Patna,MGNREGA,14736.1,1989-06-08,9336933694,2022-08-05
492,Nisha Kumar,033165409776,32507915897,Punjab National Bank,"House 908, Krishnanagar, Lucknow",Lucknow,PMSBY Insurance,1302.98,1977-01-13,9430302574,2023-02-17
493,Pushpa Jha,701378667247,42587385441,Bank of India,"House 531, Netaji Nagar, Bhopal",Bhopal,PM Awas Yojana,137020.2,1962-10-08,9555228284,2021-07-20
494,Ramesh Bind,479178429526,86575746592,Bank of India,"House 122, Rajiv Nagar, Darbhanga",Darbhanga,PM Awas Yojana,124483.91,1966-08-09,9140539918,2023-07-31
495,Hitesh Roy,443682994160,72065541629,Canara Bank,"House 19, Lal Bahadur Nagar, Barpeta",Barpeta,NSP Scholarship,10898.46,1980-09-08,9595060965,2021-03-20
496,Hitesh Bind,235562888244,15920093558,Central Bank,"House 681, New Colony, Ludhiana",Ludhiana,MGNREGA,3943.62,1986-03-29,9373782157,2023-11-28
497,Asha Bose,783368156862,21244149621,Punjab National Bank,"House 396, Gandhi Nagar, Dhubri",Dhubri,PM-KISAN,3657.5,1986-06-17,9017255922,2022-10-10
498,Leela Mishra,844065556254,18469366323,Bank of India,"House 936, Netaji Nagar, Lucknow",Lucknow,Ayushman Bharat,39559.3,1961-06-11,9439994042,2024-06-26
499,Ashok Mallah,955630908661,44721931053,UCO Bank,"House 95, Gandhi Nagar, Darrang",Darrang,PM-KISAN,3657.37,1975-05-04,9948037489,2024-10-03
500,Ganesh Jha,426395118495,50103640201,Bank of Baroda,"Plot No.5, Near Panchayat Office, Gaya",Kanpur,PM Fasal Bima,9197.28,1980-12-19,9391952552,2024-12-28
501,Nisha Ghosh,026080602875,38139689174,Bank of Baroda,"House 631, Gandhi Nagar, Jodhpur",Jodhpur,PMKVY Skill Dev,17734.78,1998-03-02,9739627486,2020-10-13
502,Devaki Nirmalkar,232967072257,85721296243,Bank of India,"House 699, Indira Colony, Dhubri",Dhubri,PM Ujjwala,3196.53,1977-01-07,9928674303,2022-03-26
503,Pushpa Pandey,358283959813,86290569106,Bank of Baroda,"House 436, Lal Bahadur Nagar, Jorhat",Jorhat,PM Ujjwala,1770.65,2000-10-29,9313431244,2024-12-30
504,Suresh Yadav,500096581467,93631391663,Allahabad Bank,"House 806, Rampur, Bhopal",Bhopal,PMSBY Insurance,1660.13,1982-11-03,9060358727,2021-07-05
505,Babli Mehta,226018584528,51840563202,Bank of Baroda,"House 487, Subhash Nagar, Barpeta",Barpeta,PMSBY Insurance,1542.99,1967-03-20,9596413521,2024-07-01
506,Dinesh Reddy,052278244308,66033854715,UCO Bank,"House 254, Gandhi Nagar, Bilaspur",Bilaspur,PMKVY Skill Dev,11068.39,1957-03-24,9050582990,2025-06-02
507,Rakesh Nair,478290486802,22510532292,Canara Bank,"House 693, Subhash Nagar, Gorakhpur",Gorakhpur,PMKVY Skill Dev,10277.4,1957-01-15,9591100503,2025-07-31
508,Bharat Patel,368823045910,37659008372,Indian Bank,"House 171, Indira Colony, Ludhiana",Ludhiana,PMKVY Skill Dev,19228.67,1997-07-07,9636353115,2024-06-27
509,Kamla Rajput,613755139469,57662101614,Punjab National Bank,"House 683, Model Town, Gorakhpur",Gorakhpur,PM Fasal Bima,21344.49,1963-03-05,9454909038,2021-12-03
510,Asha Das,238466415847,06022325955,Bank of Baroda,"House 563, Indira Colony, Gaya",Gaya,NSP Scholarship,4376.25,1968-04-17,9096391729,2024-07-20
511,Anil Devi,059144498382,91794408303,Punjab National Bank,"House 533, Ambedkar Nagar, Varanasi",Varanasi,PM Awas Yojana,124889.37,1961-02-16,9166214775,2025-11-16
512,Saroj Bose,062517678038,37089066897,Union Bank,"House 543, Sardar Patel Nagar, Indore",Indore,MGNREGA,7155.66,1984-12-12,9806497031,2023-09-03
513,Suman Maurya,638679639035,39149007590,Bank of Baroda,"House 698, Model Town, Udaipur",Udaipur,NSAP Pension,5730.95,1984-11-06,9269895838,2022-03-07
514,Rekha Roy,661703040283,92560220818,Punjab National Bank,"House 345, Krishnanagar, Gaya",Gaya,NSAP Pension,2656.6,1971-05-27,9815405252,2022-01-04
515,Mangala Thakur,276292688892,76648555259,Bank of India,"House 884, Azad Nagar, Patna",Patna,PM Awas Yojana,145400.86,1995-02-07,9312255210,2023-04-13
516,Vinod Roy,446905957621,52398539947,Canara Bank,"House 826, Sardar Patel Nagar, Nagaon",Nagaon,PM-KISAN,3884.27,1958-03-23,9942030902,2021-05-21
517,Babli Das,575605549857,79583829693,Canara Bank,"House 757, Shantinagar, Raipur",Raipur,PMKVY Skill Dev,14078.87,1976-05-01,9890682687,2022-12-07
518,Anjali Ghosh,207613986773,24821010214,Punjab National Bank,"House 133, Gandhi Nagar, Ludhiana",Ludhiana,NSP Scholarship,3893.33,1979-10-12,9087850013,2021-04-27
519,Shanti Mehta,818829217405,54740632128,Punjab National Bank,"House 792, Lal Bahadur Nagar, Jaipur",Jaipur,PM-KISAN,4925.93,1969-12-30,9629665414,2021-02-07
520,Mamta Nirmalkar,341564337154,80081602513,UCO Bank,"House 839, Bapunagar, Darbhanga",Darbhanga,PM Fasal Bima,13996.88,1982-11-26,9862201175,2021-11-03
521,Rajesh Pandey,733250527338,75325305413,Union Bank,"House 140, Shantinagar, Darbhanga",Darbhanga,Ayushman Bharat,300535.49,1985-09-12,9267121428,2024-07-14
522,Neha Chatterjee,297306234260,31441799277,Indian Bank,"House 145, Gandhi Nagar, Ludhiana",Ludhiana,NSAP Pension,5242.58,1982-01-31,9428639787,2022-12-24
523,Parvati Pillai,332648525050,82947471808,Punjab National Bank,"House 738, Subhash Nagar, Muzaffarpur",Muzaffarpur,PM-KISAN,3185.74,1980-07-19,9952500223,2022-06-23
524,Dinesh Mehta,642449365645,35272477548,Punjab National Bank,"House 395, Model Town, Kamrup",Kamrup,PM Fasal Bima,11380.22,1984-03-23,9835400522,2024-03-20
525,Mohan Bind,897801462698,33006685232,State Bank of India,"House 186, New Colony, Jorhat",Jorhat,PM Fasal Bima,3098.14,2000-12-08,9827986448,2022-10-09
526,Pooja Naidu,572151033361,40424362531,Bank of India,"House 364, Indira Colony, Dhubri",Dhubri,NSP Scholarship,3680.5,1991-01-29,9515886241,2024-09-14
527,Dinesh Mallah,566051598656,04544667544,State Bank of India,"House 165, Azad Nagar, Muzaffarpur",Muzaffarpur,PMSBY Insurance,1543.29,1924-02-18,9924607826,2021-09-09
528,Sunita Mehta,075047073143,98353565864,Canara Bank,"House 702, Ambedkar Nagar, Bhopal",Bhopal,PM-KISAN,4497.22,1983-08-27,9187153537,2022-07-28
529,Rajan Chatterjee,839705232792,82010276161,Punjab National Bank,"House 318, Rampur, Ludhiana",Ludhiana,PM Fasal Bima,10764.41,1989-01-27,9863037486,2021-05-05
530,Yogesh Kahar,384456604462,98240401896,UCO Bank,"House 898, Lal Bahadur Nagar, Bhagalpur",Bhagalpur,PM Ujjwala,2298.2,1994-04-09,9908332841,2022-05-07
531,Prakash Maurya,302241664683,87494333957,Punjab National Bank,"House 766, Lal Bahadur Nagar, Nagaon",Nagaon,MGNREGA,4104.72,1994-06-21,9540653236,2022-01-13
532,Seema Nirmalkar,994749903373,67030634172,Union Bank,"House 981, Indira Colony, Kamrup",Kamrup,NSP Scholarship,11867.32,1989-04-10,9558260554,2020-10-19
533,Savita Patel,109826101075,21529362070,UCO Bank,"House 934, Azad Nagar, Darrang",Darrang,Ayushman Bharat,10774.15,1973-12-14,9249573122,2023-07-28
534,Santosh Sahu,687375102996,96321776666,Central Bank,"House 376, Netaji Nagar, Jabalpur",Jabalpur,PM Awas Yojana,122823.26,1965-04-11,9728321233,2022-11-09
535,Kavita Mishra,586530104580,52272060477,Bank of Baroda,"House 130, Shantinagar, Raipur",Raipur,MGNREGA,13475.14,1962-12-20,9945326302,2022-10-18
536,Bharat Singh,574113885268,87138608893,Allahabad Bank,"House 648, Subhash Nagar, Kanpur",Kanpur,PMKVY Skill Dev,19022.72,1957-03-12,9491059305,2022-03-14
537,Vinod Thakur,065519241947,52198474729,State Bank of India,"House 22, Nehru Vihar, Indore",Indore,NSAP Pension,5566.66,1967-07-07,9651982913,2023-12-10
538,Bharat Sharma,290452042373,92133662478,Canara Bank,"House 847, Subhash Nagar, Barpeta",Barpeta,PM-KISAN,5180.66,1971-07-19,9509788497,2022-09-09
539,Lalita Tiwari,515184183981,72671435316,Punjab National Bank,"House 295, Netaji Nagar, Jabalpur",Jabalpur,PMSBY Insurance,1941.03,1980-01-31,9090890692,2023-09-17
540,Umesh Thakur,927428616259,33461414419,Central Bank,"House 108, New Colony, Kamrup",Kamrup,Ayushman Bharat,41882.11,1971-11-29,9843714300,2023-10-09
541,Hitesh Roy,555146693841,51262656084,Allahabad Bank,"House 227, Indira Colony, Amritsar",Amritsar,PM Awas Yojana,142383.15,1963-07-09,9734442251,2024-02-16
542,Asha Naidu,920187024598,70209486622,UCO Bank,"House 401, Rajiv Nagar, Lakhimpur",Lakhimpur,PM Awas Yojana,130497.91,2000-01-03,9168354024,2020-12-25
543,Meera Reddy,820292468686,74733558294,Central Bank,"House 668, Bapunagar, Barpeta",Barpeta,NSAP Pension,5518.17,1956-11-28,9761481853,2022-12-24
544,Saroj Nair,800420390279,61535051229,Punjab National Bank,"House 518, Rajiv Nagar, Sivasagar",Sivasagar,NSAP Pension,3876.65,1963-03-11,9363670239,2025-12-01
545,Ganesh Mishra,082589979300,02685054389,Central Bank,"House 770, Lal Bahadur Nagar, Udaipur",Udaipur,PM Ujjwala,2588.3,1968-09-22,9967418853,2021-01-17
546,Dinesh Bind,001074702499,39546373954,Canara Bank,"House 96, Rajiv Nagar, Indore",Indore,PM Awas Yojana,137138.77,1984-06-17,9935281037,2022-04-21
547,Mukesh Maurya,297292500612,26460096222,Bank of Baroda,"House 464, Krishnanagar, Bhagalpur",Bhagalpur,PMKVY Skill Dev,12770.65,1976-08-03,9845033635,2021-07-21
548,Hari Sharma,706399456193,62300877088,Canara Bank,"House 566, Azad Nagar, Gorakhpur",Gorakhpur,PM Fasal Bima,20798.06,1983-05-22,9555234776,2021-01-01
549,Suman Kumar,741493329187,49691682496,Central Bank,"House 764, Netaji Nagar, Patna",Patna,PM Awas Yojana,144540.87,1979-05-11,9788403174,2023-01-22
550,Leela Mukherjee,012767189095,92232087291,State Bank of India,"Plot No.4, Near Panchayat Office, Sonitpur",Lucknow,NSAP Pension,2340.06,1977-11-14,9826144700,2021-09-18
551,Asha Pillai,070393794656,30110975326,UCO Bank,"House 239, Krishnanagar, Varanasi",Varanasi,PMSBY Insurance,1810.68,1989-04-21,9695500015,2023-01-22
552,Mamta Pandey,224437826846,68229333537,Union Bank,"House 723, Bapunagar, Sonitpur",Sonitpur,PMKVY Skill Dev,19036.99,1989-06-21,9717858179,2022-12-11
553,Sanjay Jha,811638473859,69952723267,Indian Bank,"House 259, Ambedkar Nagar, Lucknow",Lucknow,PM Ujjwala,2710.98,1969-10-19,9198037880,2023-06-28
554,Pushpa Chatterjee,414231057462,43433900388,Punjab National Bank,"House 109, Ambedkar Nagar, Gaya",Gaya,NSAP Pension,5722.15,1998-05-27,9260830334,2023-12-29
555,Sunil Nath,046326740194,31869376199,Indian Bank,"House 979, Rajiv Nagar, Sivasagar",Sivasagar,PM Fasal Bima,13837.45,1966-06-13,9277010210,2021-10-06
556,Ramesh Jha,464301998677,04521622640,Union Bank,"House 424, Gandhi Nagar, Lucknow",Lucknow,NSP Scholarship,11883.79,1998-06-09,9255475801,2021-12-10
557,Lalita Nirmalkar,076587364649,45383469659,Central Bank,"House 811, Nehru Vihar, Allahabad",Allahabad,MGNREGA,12737.98,1978-08-07,9423221040,2020-11-19
558,Ganga Sahu,862666366770,02153629476,Bank of Baroda,"House 483, Ambedkar Nagar, Gorakhpur",Gorakhpur,PM-KISAN,3304.41,1923-04-11,9594651974,2023-10-12
559,Tulsi Rani,860074867657,33725253100,Bank of India,"House 702, Gandhi Nagar, Raipur",Raipur,Ayushman Bharat,26292.2,1982-10-11,9804863103,2022-09-08
560,Hari Patel,940164745811,21410052270,State Bank of India,"House 94, Indira Colony, Nagaon",Nagaon,Ayushman Bharat,23576.81,1971-11-06, ,2022-04-08
561,Anjali Mukherjee,852282749423,97319513953,Bank of India,"House 767, Netaji Nagar, Barpeta",Barpeta,NSAP Pension,2387.42,1970-09-28,9409276776,2023-11-07
562,Savita Iyer,856933798183,74889808280,State Bank of India,"House 284, Model Town, Bhopal",Bhopal,PM Ujjwala,3050.81,1975-08-29,9148659125,2025-04-29
563,Babli Bose,962706403045,32638990741,Central Bank,"House 789, Model Town, Gorakhpur",Gorakhpur,PM Fasal Bima,7039.6,1975-01-18,9424252029,2023-01-27
564,Mamta Mukherjee,248129323848,60442163868,Union Bank,"House 942, Gandhi Nagar, Darrang",Darrang,PM Ujjwala,2892.11,1969-04-17,9566669980,2021-11-21
565,Guddi Mallah,292384798622,15059983522,Canara Bank,"House 647, Gandhi Nagar, Varanasi",Varanasi,PM Ujjwala,1760.22,1978-03-18,9784624078,2021-10-07
566,Vinod Roy,376099223231,95278631745,Union Bank,"House 276, Nehru Vihar, Darbhanga",Darbhanga,NSP Scholarship,10775.9,1999-10-07,9512582157,2022-05-02
567,Prakash Shah,165486053230,52148672726,Indian Bank,"Plot No.4, Near Panchayat Office, Sonitpur",Udaipur,NSP Scholarship,4568.42,1971-06-12,9708260021,2021-11-19
568,Sunita Devi,627191783846,34536320029,State Bank of India,"House 695, New Colony, Lucknow",Lucknow,MGNREGA,13880.88,1992-10-02,9904084288,2022-01-27
569,Vijay Gupta,740348671726,04838169893,State Bank of India,"House 227, Rampur, Amritsar",Amritsar,PM-KISAN,4249.48,1986-05-09,9742352826,2022-03-31
570,Usha Patel,536059616922,50729689264,Bank of India,"House 641, Krishnanagar, Gaya",Gaya,NSAP Pension,4461.84,2001-03-14,9636347694,2024-04-14
571,Rekha Mehta,601433969978,60884301208,Allahabad Bank,"House 9, Rajiv Nagar, Indore",Indore,MGNREGA,13891.87,1982-10-01,9463730261,2021-12-25
572,Seema Kahar,989132901201,51436652639,Indian Bank,"House 708, Lal Bahadur Nagar, Ludhiana",Ludhiana,NSAP Pension,3839.8,1979-10-12,9757842148,2021-11-28
573,Rajesh Verma,925591738200,38739000801,Bank of India,"Plot No.2, Near Panchayat Office, Jorhat",Sonitpur,PM Ujjwala,2924.68,1965-09-09,9098291973,2024-07-03
574,Lalita Pillai,476982260477,64318754613,Bank of Baroda,"House 374, Gandhi Nagar, Varanasi",Varanasi,PM Fasal Bima,20699.17,1973-01-13,9555366417,2025-09-08
575,Lalita Ghosh,778380387512,04573658678,Bank of Baroda,"House 567, Krishnanagar, Bhopal",Bhopal,NSP Scholarship,8387.48,1975-09-27,9983932127,2023-12-18
576,Parvati Nair,208989122891,22164644977,Union Bank,"House 536, Nehru Vihar, Gorakhpur",Gorakhpur,PMKVY Skill Dev,17992.92,1998-06-12,9126205785,2023-06-06
577,Shanti Sharma,406207353952,93407531739,Indian Bank,"House 257, Ambedkar Nagar, Dhubri",Dhubri,PM-KISAN,532809.31,1968-09-02,9991070719,2025-06-06
578,Suresh Verma,405156808019,82935564918,Bank of India,"Plot No.2, Near Panchayat Office, Jorhat",Allahabad,PMSBY Insurance,1399.53,1996-05-20,9631099509,2022-08-12
579,Anjali Verma,261810220221,77008562508,Indian Bank,"House 990, Rampur, Goalpara",Goalpara,MGNREGA,5149.8,1960-03-18,9697429899,2020-10-19
580,Rakesh Tiwari,682095566212,60278344984,Allahabad Bank,"House 900, Sardar Patel Nagar, Bhopal",Bhopal,NSP Scholarship,6690.04,1975-08-09,9959982019,2023-08-07
581,Vijay Maurya,747899500050,14258238659,UCO Bank,"House 969, Indira Colony, Gaya",Gaya,PMSBY Insurance,1251.81,1958-08-19,9885734787,2020-12-09
582,Sunil Kahar,711885768363,80109342381,Indian Bank,"House 297, Indira Colony, Kamrup",Kamrup,PMKVY Skill Dev,17124.7,1973-12-17,9825171607,2025-08-30
583,Anjali Naidu,699381497711,91599820256,UCO Bank,"House 855, Indira Colony, Udaipur",Udaipur,PM Ujjwala,2153.87,1996-03-23,9572921315,2025-12-18
584,Anita Chatterjee,597443537443,88060456578,Bank of Baroda,"House 416, Bapunagar, Allahabad",Allahabad,MGNREGA,7123.19,1988-03-07,9515067000,2023-12-12
585,Anjali Mallah,241982545303,26395579829,Bank of Baroda,"House 76, Netaji Nagar, Bhagalpur",Bhagalpur,PM Ujjwala,2853.7,1964-11-07,9542065304,2024-03-15
586,Ritu Bind,452039338694,69342497607,State Bank of India,"House 92, Bapunagar, Lucknow",Lucknow,Ayushman Bharat,12574.51,2000-08-23,9046663909,2022-01-26
587,Mukesh Rajput,932071734178,39407893506,Bank of Baroda,"House 806, Shantinagar, Lakhimpur",Lakhimpur,PM Fasal Bima,17255.09,2000-04-27,9707778070,2025-04-12
588,Geeta Nair,634651760481,60278344984,Bank of Baroda,"House 425, Sardar Patel Nagar, Jorhat",Jorhat,Ayushman Bharat,20895.48,1960-01-08,9872382987,2023-05-04
589,Asha Rani,779039811575,17489073856,State Bank of India,"House 610, Shantinagar, Nagaon",Nagaon,PM Fasal Bima,22995.85,1969-07-07,9431366667,2025-10-20
590,Naresh Verma,471609664086,05550655939,Punjab National Bank,"House 375, New Colony, Varanasi",Varanasi,PM-KISAN,2584.52,1970-01-09,9712444564,2022-10-07
591,Hari Chauhan,804353399131,16887559496,Indian Bank,"House 100, Krishnanagar, Jaipur",Jaipur,NSAP Pension,2999.26,1977-08-03,9106198458,2024-08-15
592,Anjali Kumar,364749691683,29281942001,Union Bank,"House 663, Model Town, Sonitpur",Sonitpur,NSAP Pension,3827.77,1982-09-02,9493297793,2024-10-09
593,Devaki Patel,995557120215,19965845893,Indian Bank,"House 684, Krishnanagar, Dhubri",Dhubri,NSAP Pension,5607.29,1974-08-07,9212206081,2024-05-02
594,Babli Naidu,794619759344,98107497842,Bank of Baroda,"House 535, Subhash Nagar, Barpeta",Barpeta,NSAP Pension,5182.0,1975-10-21,9734501682,2025-04-17
595,Anil Kahar,770433379070,34023232785,Allahabad Bank,"House 808, Model Town, Jaipur",Jaipur,PM-KISAN,4235.06,1975-11-15,9459096919,2021-03-24
596,Rajan Bose,983266872502,61003629388,Punjab National Bank,"House 530, Shantinagar, Dhubri",Dhubri,MGNREGA,12153.54,1994-09-07,9827223844,2022-04-28
597,Sunita Kahar,392604002682,92481345280,State Bank of India,"House 721, Netaji Nagar, Bilaspur",Bilaspur,PMKVY Skill Dev,16224.93,1960-06-13,9831714305,2024-08-31
598,Usha Sahu,340969689179,99540353008,Canara Bank,"House 478, Subhash Nagar, Varanasi",Varanasi,PM Fasal Bima,4668.54,1977-10-25,9791701077,2023-03-09
599,Kamla Kahar,211314822225,20578179970,Bank of India,"House 437, Gandhi Nagar, Darbhanga",Darbhanga,MGNREGA,14670.6,1963-01-11,9463526519,2021-08-16
600,Meera Verma,721359669709,75175596111,Punjab National Bank,"House 499, Rampur, Darrang",Darrang,MGNREGA,8270.1,1984-09-26,9175951032,2020-10-10
601,Kiran Joshi,306597588935,43195422142,Union Bank,"House 5, Indira Colony, Dhubri",Dhubri,PM Fasal Bima,23368.04,1977-10-12,9037271433,2023-09-15
602,Anjali Maurya,215941350652,17645806059,Union Bank,"House 731, Azad Nagar, Raipur",Raipur,PMKVY Skill Dev,10274.96,1982-10-30,9073281097,2022-08-09
603,Suresh Verma,328072675531,18467773583,Central Bank,"House 753, Lal Bahadur Nagar, Indore",Indore,NSAP Pension,3365.01,1974-01-27, ,2023-02-14
604,Leela Jha,566273357178,72696320913,Bank of India,"House 659, Netaji Nagar, Udaipur",Udaipur,PM Fasal Bima,24621.26,1989-04-08,9454904749,2023-12-19
605,Naresh Mehta,573544472043,80577003212,UCO Bank,"House 452, Krishnanagar, Kamrup",Kamrup,PM Awas Yojana,137479.21,1991-04-03,9701391154,2023-08-17
606,Leela Bind,310422751343,64986474998,State Bank of India,"House 771, Model Town, Kamrup",Kamrup,MGNREGA,4251.14,1992-02-16,9700292320,2025-05-24
607,Mahesh Chauhan,358264428087,29540044054,State Bank of India,"House 107, Rajiv Nagar, Muzaffarpur",Muzaffarpur,PM Ujjwala,2743.4,1979-03-22,9741576832,2025-02-19
608,Asha Mukherjee,673838113074,25137985932,Punjab National Bank,"House 805, Gandhi Nagar, Kanpur",Kanpur,PM Fasal Bima,2488.37,1986-02-08,9137102009,2021-12-11
609,Priya Chauhan,744024928278,24016774978,Punjab National Bank,"House 600, Sardar Patel Nagar, Goalpara",Goalpara,MGNREGA,9094.6,1981-08-09,9802900627,2025-07-10
610,Mahesh Verma,699253129802,00353775861,Bank of India,"House 780, Nehru Vihar, Muzaffarpur",Muzaffarpur,PM Fasal Bima,15540.27,1965-12-09,9895963558,2023-09-27
611,Dinesh Bind,197006119771,53544787293,UCO Bank,"House 725, Subhash Nagar, Gaya",Gaya,PM Fasal Bima,19144.53,1975-04-02,9143496916,2025-09-06
612,Devaki Mallah,724424265431,49234517899,State Bank of India,"House 235, Netaji Nagar, Muzaffarpur",Muzaffarpur,PM Fasal Bima,2206.8,1971-04-02,9750043924,2025-11-02
613,Sunita Das,764263767184,58649167762,UCO Bank,"House 256, Netaji Nagar, Lucknow",Lucknow,PMSBY Insurance,1810.37,1982-12-18,9534098691,2022-10-25
614,Neha Naidu,844091253123,20561432488,Punjab National Bank,"House 318, Gandhi Nagar, Varanasi",Varanasi,PM Fasal Bima,13224.71,1990-12-11,9962340248,2025-04-01
615,Leela Mukherjee,091297341030,25222550982,Punjab National Bank,"House 938, Indira Colony, Darrang",Darrang,PM Fasal Bima,3736.63,1988-12-21,9896225531,2021-12-18
616,Usha Das,862731317995,15057108877,State Bank of India,"House 598, Rajiv Nagar, Jaipur",Jaipur,MGNREGA,6246.45,1982-11-02,9689582386,2023-07-02
617,Nisha Nair,897792819306,94871610398,State Bank of India,"House 608, Netaji Nagar, Jodhpur",Jodhpur,PMKVY Skill Dev,8314.76,1968-02-17,9838518587,2022-04-16
618,Deepak Verma,678748790227,11111111111,Allahabad Bank,"House 775, Indira Colony, Lucknow",Lucknow,PMKVY Skill Dev,9176.65,1923-04-10, ,2024-02-09
619,Rekha Lodhi,027158258010,30738770309,Canara Bank,"House 160, Netaji Nagar, Varanasi",Varanasi,Ayushman Bharat,13300.48,1989-12-28,9874900400,2022-02-12
620,Leela Chauhan,782170037982,50688514254,Bank of Baroda,"House 27, Netaji Nagar, Gorakhpur",Gorakhpur,MGNREGA,5379.08,1983-12-01,9202381344,2022-10-16
621,Nisha Singh,779730490055,94010422580,Union Bank,"House 830, New Colony, Bhagalpur",Bhagalpur,NSP Scholarship,8314.52,1975-07-19,9050301661,2022-03-02
622,Mukesh Kumar,590449709325,17151066637,Bank of India,"House 205, Azad Nagar, Kanpur",Kanpur,Ayushman Bharat,19741.27,1965-12-13,9295087355,2023-07-24
623,Vandana Joshi,942406115870,60278344984,Punjab National Bank,"House 928, Shantinagar, Kamrup",Kamrup,PMKVY Skill Dev,14297.9,1975-12-14,9812214751,2021-12-13
624,Mahesh Thakur,114497049493,48931914815,Canara Bank,"House 95, Rampur, Jodhpur",Jodhpur,MGNREGA,3760.56,1970-09-18,9169574743,2021-06-13
625,Mukesh Kewat,159357781807,44164859514,Union Bank,"House 849, Nehru Vihar, Jabalpur",Jabalpur,PM Fasal Bima,11169.22,1980-06-25,9150483086,2024-11-15
626,Mahesh Devi,825762303188,06068161181,Bank of Baroda,"House 302, Bapunagar, Allahabad",Allahabad,PM Awas Yojana,120680.04,1968-11-09,9963321509,2023-12-09
627,Rajan Devi,512928722335,14763220552,Canara Bank,"House 476, Ambedkar Nagar, Kamrup",Kamrup,NSP Scholarship,6341.71,1983-04-27,9122417475,2024-11-05
628,Kiran Rajput,077536376614,81211925595,State Bank of India,"House 352, Shantinagar, Nagaon",Nagaon,PM Awas Yojana,124615.97,1979-07-05,9300479626,2022-04-21
629,Pooja Iyer,942922293620,01301206203,Central Bank,"House 796, Rajiv Nagar, Bilaspur",Bilaspur,PM Ujjwala,2294.57,2000-04-01,9157130073,2022-06-02
630,Munni Rani,388816409713,45647984345,Bank of India,"House 917, Rampur, Goalpara",Goalpara,PM Awas Yojana,149974.29,1974-03-13,9237867686,2022-09-07
631,Bharat Reddy,433357295837,96195081143,Bank of India,"House 967, Azad Nagar, Bhopal",Bhopal,MGNREGA,9179.65,1972-02-03,9125645897,2021-02-22
632,Mahesh Ghosh,683893877363,65729346808,Canara Bank,"House 394, Sardar Patel Nagar, Gorakhpur",Gorakhpur,PM Awas Yojana,140538.87,1987-07-30,9205701837,2020-11-02
633,Devaki Singh,354753122314,11111111111,Punjab National Bank,"House 230, Gandhi Nagar, Darrang",Darrang,NSAP Pension,2939.41,1922-02-23, ,2022-06-05
634,Rakesh Nirmalkar,539886717531,87750693920,Punjab National Bank,"House 722, Rajiv Nagar, Udaipur",Udaipur,PM Awas Yojana,148733.19,1995-01-22,9919689607,2021-03-14
635,Meera Mehta,772014162360,08066160424,Canara Bank,"House 46, Subhash Nagar, Dhubri",Dhubri,PM Awas Yojana,141366.68,1995-05-15,9928274655,2024-10-04
636,Mukesh Roy,534417848987,59235288356,UCO Bank,"House 73, Rajiv Nagar, Allahabad",Allahabad,Ayushman Bharat,14909.81,1974-05-07,9665720262,2021-05-15
637,Rajan Chauhan,032386874737,37659008372,Union Bank,"House 39, Netaji Nagar, Lakhimpur",Lakhimpur,NSAP Pension,5042.2,1977-07-04,9661846172,2022-07-10
638,Rakesh Reddy,108561854086,58893025398,Indian Bank,"House 145, Netaji Nagar, Kamrup",Kamrup,PMSBY Insurance,1353.69,1971-11-25,9052872951,2023-09-20
639,Asha Mishra,812402479775,18291793130,Indian Bank,"House 977, Ambedkar Nagar, Gaya",Gaya,PMKVY Skill Dev,459017.91,1963-01-19,9678460895,2023-05-02
640,Dinesh Patel,613733448136,43748720263,State Bank of India,"House 95, Subhash Nagar, Jorhat",Jorhat,PM Awas Yojana,138120.84,1973-02-12,9662868704,2023-04-25
641,Sanjay Kurmi,082059555750,65581652249,Allahabad Bank,"House 352, Indira Colony, Sivasagar",Sivasagar,Ayushman Bharat,44951.6,1979-07-14,9579099105,2023-01-12
642,Hari Pillai,308311932361,14166014343,Punjab National Bank,"House 294, Subhash Nagar, Sivasagar",Sivasagar,PM Fasal Bima,11110.52,1957-04-19,9341394196,2020-12-16
643,Anil Kumar,159947021646,38402225805,Union Bank,"House 516, Rampur, Raipur",Raipur,PMKVY Skill Dev,19741.73,1968-05-17,9550900183,2025-08-29
644,Yogesh Thakur,244878837510,87693338419,Central Bank,"House 884, Indira Colony, Varanasi",Varanasi,PM Fasal Bima,20611.19,1963-07-15,9117529707,2023-08-02
645,Mohan Pandey,113282030228,52040137158,Punjab National Bank,"House 877, Krishnanagar, Kamrup",Kamrup,MGNREGA,8420.93,1978-08-17,9590367355,2023-01-05
646,Umesh Bose,258435608501,77949090566,Union Bank,"House 228, Shantinagar, Indore",Indore,PM Awas Yojana,130698.85,1998-12-05,9694320794,2023-01-14
647,Ramesh Kumar,342531786327,90427920267,Canara Bank,"House 278, New Colony, Nagaon",Nagaon,PM Awas Yojana,132768.17,1961-05-20,9064804625,2022-10-22
648,Pushpa Singh,473359742324,42655568908,Punjab National Bank,"House 78, Subhash Nagar, Jabalpur",Jabalpur,MGNREGA,10592.49,1967-10-09,9361998711,2024-04-16
649,Vandana Kurmi,256349325538,09103962865,State Bank of India,"House 324, Bapunagar, Nagaon",Nagaon,PMKVY Skill Dev,17928.28,1961-08-07,9310116955,2023-09-30
650,Parvati Chatterjee,873948556848,81974544755,Allahabad Bank,"House 452, Rampur, Dhubri",Dhubri,PM Awas Yojana,132503.9,1985-01-12,9503582651,2021-07-03
651,Vandana Patel,758638868004,96935692918,Punjab National Bank,"House 966, Subhash Nagar, Dhubri",Dhubri,PM Awas Yojana,145605.79,1984-09-04,9675982369,2022-10-18
652,Vinod Rani,231822474921,05343274417,Punjab National Bank,"House 87, New Colony, Amritsar",Amritsar,NSAP Pension,2778.8,1989-12-21,9756164303,2024-08-15
653,Seema Kumar,182142203521,68240369263,Allahabad Bank,"House 287, Gandhi Nagar, Barpeta",Barpeta,PM Ujjwala,1728.82,1990-11-06,9440085772,2024-03-25
654,Rajan Lodhi,216624867443,45534735573,UCO Bank,"House 996, Nehru Vihar, Indore",Indore,PM Awas Yojana,136978.99,1979-02-09,9544199763,2025-11-23
655,Suresh Joshi,508126616148,28437425027,Allahabad Bank,"House 432, Gandhi Nagar, Kamrup",Kamrup,PMSBY Insurance,1784.84,1996-02-05,9921617276,2022-08-06
656,Hari Nirmalkar,321329546909,09812026671,State Bank of India,"House 675, New Colony, Indore",Indore,PM Ujjwala,2111.61,1995-09-15,9231473996,2025-12-11
657,Devaki Verma,442067252044,04996325175,Canara Bank,"House 284, Bapunagar, Lucknow",Lucknow,NSAP Pension,1924.58,1972-09-15,9096068208,2021-12-14
658,Hitesh Kumar,251811244686,50679182589,UCO Bank,"House 819, Netaji Nagar, Allahabad",Allahabad,PM Ujjwala,2114.67,1960-12-03,9051852904,2022-05-30
659,Seema Mishra,429833295037,88633514324,Punjab National Bank,"House 147, Bapunagar, Indore",Indore,Ayushman Bharat,8736.15,1970-01-14,9315363375,2021-07-10
660,Mohan Kewat,785854802596,71639397013,Bank of India,"House 768, Lal Bahadur Nagar, Jodhpur",Jodhpur,PM Awas Yojana,140394.83,1974-03-10,9924689212,2025-08-17
661,Asha Bose,473598991804,18001455691,Central Bank,"House 369, Rajiv Nagar, Muzaffarpur",Muzaffarpur,MGNREGA,13924.56,1963-01-16,9710273671,2023-05-14
662,Prakash Iyer,089705281187,52879851076,UCO Bank,"House 587, Lal Bahadur Nagar, Jorhat",Jorhat,PMSBY Insurance,1766.88,1985-09-02,9234905166,2023-05-05
663,Mamta Iyer,882879262463,46751575048,Bank of India,"House 738, Model Town, Sivasagar",Sivasagar,MGNREGA,12495.5,1975-12-11,9003545949,2023-05-21
664,Sanjay Mukherjee,626281420603,47655440438,Indian Bank,"House 592, Bapunagar, Nagaon",Nagaon,Ayushman Bharat,9822.56,1987-07-13,9563246660,2021-10-20
665,Hitesh Bose,540428246852,58266863813,State Bank of India,"House 884, Lal Bahadur Nagar, Kamrup",Kamrup,PM-KISAN,2463.43,1967-05-19,9245480005,2025-11-04
666,Mahesh Gupta,350809834444,80557047684,Allahabad Bank,"House 631, Krishnanagar, Amritsar",Amritsar,PMKVY Skill Dev,16840.24,1972-09-22,9941103512,2025-08-09
667,Parvati Kurmi,531245260946,38811119875,Bank of India,"House 130, Ambedkar Nagar, Bilaspur",Bilaspur,NSAP Pension,5240.0,1990-11-30,9148530454,2021-08-01
668,Rakesh Kurmi,132702567980,90637637784,Indian Bank,"Plot No.4, Near Panchayat Office, Sonitpur",Darbhanga,NSAP Pension,4712.48,1966-01-12,9042289641,2020-10-12
669,Suman Maurya,639163289809,32994918525,Punjab National Bank,"House 188, Krishnanagar, Ludhiana",Ludhiana,NSAP Pension,4543.03,1973-03-03,9493621252,2025-08-07
670,Umesh Lodhi,835682345556,51952051104,Canara Bank,"House 9, New Colony, Amritsar",Amritsar,MGNREGA,12755.84,1973-11-29,9897140569,2023-06-30
671,Mangala Mehta,205497095162,74003416591,Bank of Baroda,"House 135, Indira Colony, Patna",Patna,PM Awas Yojana,143364.06,1992-03-04,9159843244,2023-10-29
672,Rekha Nath,808367049186,20748040190,State Bank of India,"House 220, Krishnanagar, Bhopal",Bhopal,PM Awas Yojana,134186.12,1958-12-07,9637175124,2025-09-07
673,Ritu Gupta,761257564275,38769959735,UCO Bank,"House 477, Gandhi Nagar, Ludhiana",Ludhiana,NSAP Pension,4571.15,1992-10-05,9519876839,2022-12-24
674,Vijay Iyer,502188632951,77730631459,UCO Bank,"Plot No.2, Near Panchayat Office, Jorhat",Jaipur,PMKVY Skill Dev,18035.1,1979-01-19,9106025937,2025-09-21
675,Hari Rani,654916413491,49335216051,Bank of Baroda,"House 543, Subhash Nagar, Goalpara",Goalpara,NSP Scholarship,11562.2,1986-02-15,9684199963,2023-10-21
676,Priya Mallah,330556440516,28472300349,Union Bank,"House 162, Gandhi Nagar, Jaipur",Jaipur,PM Ujjwala,2009.98,1987-12-22,9603274714,2025-03-20
677,Santosh Nath,771524491553,60547454729,State Bank of India,"House 237, Indira Colony, Bhopal",Bhopal,PM Awas Yojana,127819.89,1980-08-16,9460765693,2022-06-01
678,Sunita Verma,253696794637,72942986724,Bank of Baroda,"House 679, Netaji Nagar, Ludhiana",Ludhiana,PM-KISAN,5490.66,1973-02-03,9398495527,2023-10-17
679,Hari Reddy,957934044325,32106054696,Punjab National Bank,"House 700, Sardar Patel Nagar, Sivasagar",Sivasagar,PM Fasal Bima,22277.95,1974-03-04,9363884395,2025-10-24
680,Hari Tiwari,647434451515,40578739907,Bank of Baroda,"House 171, Rajiv Nagar, Lakhimpur",Lakhimpur,PMSBY Insurance,1344.01,1987-02-18,9284469728,2021-05-20
681,Ramesh Shah,600945966344,38471714952,State Bank of India,"House 949, Netaji Nagar, Kanpur",Kanpur,PM Fasal Bima,18932.88,2000-08-30,9713085220,2021-07-17
682,Ganga Kahar,152267516277,65796397411,Bank of India,"House 677, Nehru Vihar, Darbhanga",Darbhanga,PM-KISAN,3972.39,1974-10-30,9278610940,2025-12-19
683,Suresh Das,738712700734,57595749049,Bank of India,"Plot No.5, Near Panchayat Office, Gaya",Barpeta,PM Awas Yojana,149514.65,1985-12-12,9511482713,2021-12-31
684,Usha Kahar,531515552520,51583555704,Bank of Baroda,"House 560, Subhash Nagar, Indore",Indore,PM Awas Yojana,129983.81,1998-01-16,9834723093,2024-01-01
685,Geeta Patel,274391908106,19446068652,Bank of India,"House 851, Subhash Nagar, Kamrup",Kamrup,PMKVY Skill Dev,15813.49,1968-05-26,9836764899,2022-12-16
686,Rekha Gupta,023618789836,95039944924,Punjab National Bank,"House 742, Rajiv Nagar, Darbhanga",Darbhanga,NSP Scholarship,4170.16,1987-08-01,9524672471,2024-04-03
687,Anjali Shah,102936322265,34482181284,Central Bank,"House 232, Sardar Patel Nagar, Patna",Patna,MGNREGA,7132.83,1989-04-21,9566494645,2020-10-23
688,Bharat Sahu,029296111242,26238573415,Punjab National Bank,"House 695, Shantinagar, Bilaspur",Bilaspur,PM Awas Yojana,135036.99,2000-04-04,9905366566,2023-08-24
689,Kiran Devi,373729546370,08815544295,Bank of Baroda,"House 120, Nehru Vihar, Allahabad",Allahabad,PM Awas Yojana,140451.95,1995-07-23,9417921795,2022-05-13
690,Prakash Thakur,383517400923,00258500040,Bank of Baroda,"House 117, Bapunagar, Bilaspur",Bilaspur,Ayushman Bharat,43999.32,1993-11-07,9898544518,2023-08-11
691,Kavita Bose,244231713569,89595018870,Canara Bank,"House 967, Sardar Patel Nagar, Udaipur",Udaipur,PMSBY Insurance,1782.21,1990-04-07,9458835762,2023-01-25
692,Parvati Pandey,785479196906,41494167489,Canara Bank,"House 763, Netaji Nagar, Lucknow",Lucknow,Ayushman Bharat,25523.06,1982-04-12,9510553085,2024-12-13
693,Seema Jha,382562905549,43501107195,Union Bank,"House 902, Shantinagar, Indore",Indore,PM Awas Yojana,128475.24,1972-11-21,9041385648,2020-11-06
694,Vandana Nath,762705664608,38400276834,Bank of Baroda,"House 997, Azad Nagar, Amritsar",Amritsar,PMKVY Skill Dev,16922.35,1997-04-20,9567553759,2024-06-28
695,Rajesh Kumar,890574672089,90683888410,Allahabad Bank,"House 874, Rajiv Nagar, Bhagalpur",Bhagalpur,PMSBY Insurance,1877.29,1985-08-01,9560678813,2021-11-27
696,Rajan Pillai,367747496577,12849544978,Canara Bank,"House 952, Bapunagar, Jodhpur",Jodhpur,Ayushman Bharat,31803.99,1958-02-13,9537369721,2025-09-13
697,Rekha Chatterjee,766641000478,58864606146,Allahabad Bank,"House 199, Model Town, Darbhanga",Darbhanga,PM Awas Yojana,133243.02,1960-02-10,9476507805,2023-01-23
698,Ganga Patel,824188217780,77923242838,State Bank of India,"House 335, Nehru Vihar, Amritsar",Amritsar,PMKVY Skill Dev,12620.31,1972-12-29,9803664970,2024-11-15
699,Mahesh Nair,129262730778,51425759815,Central Bank,"House 719, Bapunagar, Muzaffarpur",Muzaffarpur,PM Awas Yojana,122152.74,1996-02-20,9149756226,2022-04-08
700,Pushpa Kurmi,089599776110,57589948320,Indian Bank,"House 562, Azad Nagar, Bilaspur",Bilaspur,PM-KISAN,2542.02,1991-01-10,9798614584,2022-01-14
701,Ganesh Roy,030064873413,19022749528,Union Bank,"House 403, Lal Bahadur Nagar, Barpeta",Barpeta,PM-KISAN,4367.43,1997-06-02,9612233274,2022-05-25
702,Rakesh Das,788567409361,17933829151,Central Bank,"House 952, Indira Colony, Jabalpur",Jabalpur,Ayushman Bharat,23880.63,1965-12-06,9750608747,2021-03-17
703,Suman Bose,043409394943,77204857108,Indian Bank,"House 216, Shantinagar, Bhopal",Bhopal,MGNREGA,13224.27,1991-03-16,9625227441,2023-05-28
704,Meera Reddy,956395527625,60270494187,Union Bank,"Plot No.2, Near Panchayat Office, Jorhat",Jaipur,NSP Scholarship,8670.08,1974-03-19,9802593102,2024-09-25
705,Babli Kewat,562000454991,14181888032,Bank of Baroda,"House 47, Sardar Patel Nagar, Varanasi",Varanasi,PM Awas Yojana,144742.57,1965-08-28,9854511239,2022-12-19
706,Neha Rajput,040124768621,30710504627,Canara Bank,"Plot No.5, Near Panchayat Office, Gaya",Gaya,NSAP Pension,3499.73,1959-11-15,9030610852,2022-08-16
707,Mangala Thakur,034814919537,25376393691,Canara Bank,"House 26, Lal Bahadur Nagar, Nagaon",Nagaon,PM-KISAN,2471.2,1966-03-18,9357438607,2025-11-27
708,Dinesh Rani,579595692966,96694043941,Indian Bank,"House 431, Rajiv Nagar, Jodhpur",Jodhpur,NSAP Pension,5553.07,1958-07-29,9135837117,2025-05-02
709,Suman Iyer,535818776567,15601609707,Canara Bank,"House 502, Subhash Nagar, Muzaffarpur",Muzaffarpur,MGNREGA,3346.67,1980-11-06,9078647549,2025-08-08
710,Anil Roy,261075136613,02406697356,Bank of India,"House 325, Nehru Vihar, Jaipur",Jaipur,PM Awas Yojana,146056.1,1991-08-12,9161334724,2025-05-05
711,Rekha Kewat,750566988310,21348773174,UCO Bank,"House 75, Netaji Nagar, Nagaon",Nagaon,PMKVY Skill Dev,11462.68,1993-06-08,9909849541,2022-08-19
712,Lalita Tiwari,629096650600,87559782888,Bank of India,"House 921, Ambedkar Nagar, Kanpur",Kanpur,NSAP Pension,4621.73,1981-12-06,9475134424,2025-05-17
713,Priya Kewat,826129348065,87494333957,UCO Bank,"House 156, Bapunagar, Dhubri",Dhubri,MGNREGA,13992.87,1983-03-07,9066707245,2021-05-04
714,Ganesh Mehta,438935585843,62656787628,Central Bank,"House 662, Bapunagar, Bhagalpur",Bhagalpur,PM-KISAN,2087.2,1971-01-25,9027071448,2022-01-31
715,Rekha Iyer,318542898483,40742425916,Allahabad Bank,"House 553, Netaji Nagar, Lucknow",Lucknow,PM-KISAN,3039.03,1993-10-10,9439145114,2020-12-05
716,Kamla Nirmalkar,832826889680,40699825212,Bank of Baroda,"House 966, Lal Bahadur Nagar, Varanasi",Varanasi,NSAP Pension,5677.45,1982-03-13,9909640586,2025-09-14
717,Kavita Mehta,068487360036,14930357076,Union Bank,"House 655, Rampur, Barpeta",Barpeta,NSP Scholarship,8073.78,1977-03-04,9114143226,2024-04-10
718,Vinod Rajput,727292496178,12374884839,Union Bank,"House 47, Sardar Patel Nagar, Muzaffarpur",Muzaffarpur,PM Fasal Bima,17912.69,1998-08-27,9830001736,2021-02-02
719,Mohan Patel,118218954346,84762617320,Punjab National Bank,"House 680, Subhash Nagar, Lucknow",Lucknow,PM Fasal Bima,9968.5,1969-02-03,9063018841,2024-11-26
720,Ganesh Sahu,829284806669,36992375285,Allahabad Bank,"House 668, Rampur, Varanasi",Varanasi,PM-KISAN,3041.47,1968-02-22,9351835084,2022-03-14
721,Anjali Nair,001704143682,33657840495,Allahabad Bank,"House 355, Nehru Vihar, Ludhiana",Ludhiana,PMSBY Insurance,1207.92,1971-10-14,9186298050,2023-04-11
722,Munni Roy,990828010963,35863204788,Canara Bank,"House 673, Rajiv Nagar, Varanasi",Varanasi,Ayushman Bharat,30497.81,1994-08-16,9595876137,2025-01-14
723,Umesh Verma,238429422743,10139752305,State Bank of India,"House 742, Sardar Patel Nagar, Gaya",Gaya,Ayushman Bharat,24968.36,1979-12-22,9864144538,2022-12-01
724,Anjali Patel,172383028883,52420554113,Central Bank,"House 373, Indira Colony, Jodhpur",Jodhpur,NSAP Pension,3503.11,1984-04-10,9546481961,2024-02-01
725,Ashok Naidu,031588837481,14636003122,Indian Bank,"House 410, Rampur, Bhagalpur",Bhagalpur,NSP Scholarship,3413.92,1962-01-19,9775694533,2022-09-11
726,Usha Nath,935891816287,07828585837,UCO Bank,"House 718, Nehru Vihar, Udaipur",Udaipur,MGNREGA,4139.04,1996-01-05,9905955584,2024-05-09
727,Seema Kurmi,731508403474,33997451527,Central Bank,"House 790, Rampur, Udaipur",Udaipur,MGNREGA,9705.03,1988-06-24,9045380010,2020-10-17
728,Umesh Nirmalkar,314246581470,95061386670,Punjab National Bank,"House 714, New Colony, Lakhimpur",Lakhimpur,NSP Scholarship,3009.86,1956-04-15,9132521328,2023-04-27
729,Rajesh Naidu,874637348035,73180203460,Bank of Baroda,"House 90, Bapunagar, Darbhanga",Darbhanga,Ayushman Bharat,5706.87,1993-05-26,9111104552,2023-06-22
730,Sunil Mehta,603068054518,54464733022,Canara Bank,"House 758, Gandhi Nagar, Darbhanga",Darbhanga,PM-KISAN,3093.63,1962-06-22,9439275979,2022-04-17
731,Ramesh Tiwari,736837845664,52328687982,Indian Bank,"House 890, Gandhi Nagar, Udaipur",Udaipur,PM Ujjwala,2886.74,1961-06-10,9419069687,2023-01-11
732,Hari Shah,870566580726,93648213329,State Bank of India,"House 869, Nehru Vihar, Patna",Patna,Ayushman Bharat,35607.53,1999-10-24,9973148251,2024-06-25
733,Pooja Roy,569095346170,77494074902,State Bank of India,"House 409, Gandhi Nagar, Gaya",Gaya,PM-KISAN,2177.53,1992-06-04,9663210820,2024-01-16
734,Shanti Chauhan,936425434652,47479564422,Punjab National Bank,"House 99, Indira Colony, Patna",Patna,PMSBY Insurance,1748.44,1958-02-05,9991338525,2022-05-23
735,Anita Shah,243870128218,88642092792,Bank of India,"House 447, Model Town, Goalpara",Goalpara,PM Fasal Bima,24355.38,1989-05-12,9585653131,2023-07-30
736,Anil Iyer,065225381145,53176847379,Central Bank,"House 450, Gandhi Nagar, Gorakhpur",Gorakhpur,PMKVY Skill Dev,11905.37,1997-10-21,9651221513,2020-12-05
737,Deepak Verma,273161066177,72547319821,Canara Bank,"House 831, Rampur, Jorhat",Jorhat,MGNREGA,13882.56,1965-06-17,9864190038,2021-09-08
738,Mohan Nirmalkar,906238919357,96246374674,Allahabad Bank,"House 503, Azad Nagar, Barpeta",Barpeta,MGNREGA,11773.49,1988-10-11,9539864784,2024-04-13
739,Babli Patel,700550846110,02562822532,Central Bank,"House 47, Gandhi Nagar, Varanasi",Varanasi,PM Awas Yojana,146567.35,1958-06-27,9826244482,2024-07-22
740,Geeta Iyer,222489859284,37988359849,Canara Bank,"House 981, Nehru Vihar, Darbhanga",Darbhanga,PMSBY Insurance,1833.2,1969-02-18,9170692364,2021-04-22
741,Priya Chauhan,015484241009,34195531882,Central Bank,"Plot No.5, Near Panchayat Office, Gaya",Lucknow,PM-KISAN,4161.09,1978-05-26,9730892426,2024-03-31
742,Mohan Thakur,828452284947,16408274040,Central Bank,"House 479, Gandhi Nagar, Raipur",Raipur,MGNREGA,6367.36,1974-08-21,9275080620,2021-08-20
743,Yogesh Kahar,901980558973,70902134949,Bank of India,"House 332, Krishnanagar, Muzaffarpur",Muzaffarpur,NSP Scholarship,5866.57,1991-05-15,9198997435,2021-03-08
744,Devaki Lodhi,843791449561,85824780102,Canara Bank,"House 138, Rampur, Amritsar",Amritsar,NSAP Pension,2510.73,1984-02-17,9764755701,2023-08-24
745,Pooja Pandey,464524122392,03200571278,UCO Bank,"House 681, Netaji Nagar, Bhagalpur",Bhagalpur,PM Ujjwala,2278.78,1959-03-17,9677246683,2022-11-09
746,Rajesh Mehta,733166789194,80567250490,UCO Bank,"House 653, Rampur, Jaipur",Jaipur,MGNREGA,9403.45,1963-08-31,9094727557,2025-03-01
747,Vinod Chatterjee,909188074771,14793061052,State Bank of India,"House 683, Rajiv Nagar, Bilaspur",Bilaspur,PM Ujjwala,3123.5,1971-04-14,9365978554,2021-11-29
748,Bharat Iyer,127911852068,94804911108,Canara Bank,"House 395, Ambedkar Nagar, Lakhimpur",Lakhimpur,NSP Scholarship,602685.31,1995-07-16,9847756130,2023-02-08
749,Lalita Rani,027342967127,02582154924,State Bank of India,"House 985, Netaji Nagar, Darrang",Darrang,MGNREGA,9099.72,1974-09-08,9125303511,2025-06-25
750,Ritu Das,005754768248,69115168950,Union Bank,"House 358, Gandhi Nagar, Nagaon",Nagaon,PMKVY Skill Dev,18904.09,1996-08-29,9848513413,2021-02-05
751,Asha Pillai,308716329304,28612471858,Punjab National Bank,"House 276, Lal Bahadur Nagar, Darrang",Darrang,PMSBY Insurance,1950.58,1969-08-05,9119750821,2021-06-11
752,Guddi Patel,305565646221,56982292743,UCO Bank,"House 899, Netaji Nagar, Muzaffarpur",Muzaffarpur,NSP Scholarship,10540.62,1960-09-21,9406282191,2025-05-11
753,Umesh Pandey,169881655861,76563835781,Allahabad Bank,"House 617, Rampur, Darbhanga",Darbhanga,PM-KISAN,3858.9,1992-02-07,9346527544,2024-08-03
754,Meera Joshi,099645397264,75241993921,Bank of India,"House 578, New Colony, Sivasagar",Sivasagar,NSAP Pension,4868.39,1982-09-10, ,2021-04-28
755,Prakash Mehta,687190958837,55374796685,Allahabad Bank,"House 354, Ambedkar Nagar, Gaya",Gaya,NSP Scholarship,11183.24,1970-10-14,9890903386,2023-12-19
756,Rekha Singh,586007788017,73024271031,Bank of India,"House 223, Nehru Vihar, Kanpur",Kanpur,PM Awas Yojana,139214.85,2000-12-09,9375915085,2024-02-18
757,Hari Jha,219977337391,17798362459,Central Bank,"House 176, Azad Nagar, Lucknow",Lucknow,PMSBY Insurance,1280.13,1982-05-06,9961231990,2023-04-11
758,Santosh Mukherjee,189135283023,44419548727,Bank of India,"House 843, Lal Bahadur Nagar, Darbhanga",Darbhanga,PM-KISAN,663524.32,1983-10-21,9239912634,2024-05-10
759,Ashok Sharma,935020014965,53727085211,UCO Bank,"House 266, Subhash Nagar, Jorhat",Jorhat,NSP Scholarship,6163.28,1981-01-25,9212152774,2020-12-25
760,Meera Sharma,269543944737,19621935960,Canara Bank,"House 286, Sardar Patel Nagar, Lakhimpur",Lakhimpur,PM Fasal Bima,7017.54,1995-08-17,9050178115,2021-01-27
761,Santosh Thakur,564687278916,43458818907,State Bank of India,"House 560, Bapunagar, Kamrup",Kamrup,PMKVY Skill Dev,15160.26,1966-10-10,9918902974,2022-03-24
762,Kavita Kahar,773819606271,09058894159,State Bank of India,"House 661, Krishnanagar, Bhopal",Bhopal,PM-KISAN,5165.09,1987-01-05,9779415354,2022-10-22
763,Rekha Pandey,715941722439,36309808625,State Bank of India,"House 51, Bapunagar, Jorhat",Jorhat,NSAP Pension,2095.6,1969-04-21,9814044277,2025-04-30
764,Mangala Shah,963436308670,47718829409,Indian Bank,"House 741, Model Town, Bhagalpur",Bhagalpur,Ayushman Bharat,16163.14,1967-09-23,9182458237,2020-11-04
765,Ganga Naidu,839046554134,81758670621,Allahabad Bank,"House 389, Azad Nagar, Bilaspur",Bilaspur,PM Ujjwala,2529.86,1979-03-02,9814481641,2023-01-30
766,Sunil Patel,068806075295,24369074694,Allahabad Bank,"House 292, Ambedkar Nagar, Lakhimpur",Lakhimpur,PMSBY Insurance,1516.53,1963-02-28,9898887225,2022-06-18
767,Kamla Nirmalkar,055605077654,94129948645,Indian Bank,"House 800, Shantinagar, Patna",Patna,PMSBY Insurance,1284.84,1984-11-26,9272858128,2024-08-13
768,Savita Kahar,177877748955,76753933549,Punjab National Bank,"House 846, Rajiv Nagar, Sonitpur",Sonitpur,PMKVY Skill Dev,11602.63,1962-01-22,9866322894,2024-11-06
769,Rajan Kewat,610477962395,09828714512,Punjab National Bank,"House 653, Nehru Vihar, Bhagalpur",Bhagalpur,PM Ujjwala,2687.21,1985-05-03,9032981003,2024-04-11
770,Sunita Rani,154690166046,84195723227,UCO Bank,"House 158, Bapunagar, Barpeta",Barpeta,Ayushman Bharat,47757.73,1960-04-18,9721225731,2023-07-13
771,Kiran Bind,315984181740,85922291253,Punjab National Bank,"House 740, Nehru Vihar, Bilaspur",Bilaspur,NSAP Pension,3719.85,1959-07-05,9687482257,2021-06-21
772,Vinod Gupta,365798999916,34361353413,Central Bank,"House 843, Rajiv Nagar, Lakhimpur",Lakhimpur,PM-KISAN,3082.61,1979-10-29,9389875286,2021-07-18
773,Mamta Sahu,119815700269,82925038254,UCO Bank,"House 870, Netaji Nagar, Jaipur",Jaipur,NSAP Pension,4954.98,1995-01-05,9061878127,2024-04-03
774,Priya Kahar,624279946973,12929199457,Bank of Baroda,"House 199, New Colony, Kamrup",Kamrup,PM Fasal Bima,22898.96,1968-11-27,9127776511,2021-06-20
775,Shanti Naidu,922604322956,62882756472,Indian Bank,"House 130, Rampur, Nagaon",Nagaon,PM-KISAN,4325.07,1971-05-31,9057455436,2021-07-07
776,Neha Nair,039420360114,84217223092,Union Bank,"House 336, Azad Nagar, Sivasagar",Sivasagar,MGNREGA,9351.64,1991-10-28,9699081403,2022-10-19
777,Neha Gupta,075047073143,80831556297,State Bank of India,"House 315, Rampur, Dhubri",Dhubri,NSP Scholarship,11271.63,1984-03-11,9358613336,2022-07-04
778,Kamla Bind,840213673470,61730080619,Canara Bank,"House 824, Ambedkar Nagar, Kanpur",Kanpur,NSP Scholarship,5678.14,1958-12-18,9156403706,2024-12-16
779,Sunil Mukherjee,371145059465,66106934653,Indian Bank,"House 674, Ambedkar Nagar, Lucknow",Lucknow,NSP Scholarship,9932.48,1957-11-10,9150313525,2025-03-29
780,Umesh Nair,094758332810,50122303008,Bank of Baroda,"House 685, Subhash Nagar, Sonitpur",Sonitpur,NSAP Pension,5697.66,1967-12-19,9434670618,2021-08-13
781,Guddi Kewat,907553640676,62877627323,Canara Bank,"House 52, Nehru Vihar, Muzaffarpur",Muzaffarpur,MGNREGA,8662.73,1970-08-28,9803597342,2024-11-04
782,Suresh Kewat,896783409943,46342239714,UCO Bank,"House 357, Azad Nagar, Raipur",Raipur,PMKVY Skill Dev,13835.67,1982-04-17, ,2022-05-23
783,Ganga Lodhi,344380636175,12054046449,UCO Bank,"House 593, Ambedkar Nagar, Jabalpur",Jabalpur,PM-KISAN,3867.78,1917-04-02,9836338564,2024-09-01
784,Hari Chauhan,608521888284,69829364223,Indian Bank,"House 298, Netaji Nagar, Dhubri",Dhubri,NSAP Pension,5656.38,1998-08-19,9133544233,2023-12-13
785,Munni Iyer,737455002594,10194471262,Central Bank,"House 253, Krishnanagar, Gaya",Gaya,NSP Scholarship,7761.86,1994-08-21,9798298096,2021-12-09
786,Sanjay Bind,433512902593,04214369421,Bank of Baroda,"House 405, Rajiv Nagar, Barpeta",Barpeta,MGNREGA,6359.47,1975-04-27,9038322894,2021-11-22
787,Bharat Chauhan,953775911930,88971384062,Allahabad Bank,"House 613, Lal Bahadur Nagar, Nagaon",Nagaon,PMKVY Skill Dev,12341.34,1985-12-24,9929346091,2021-07-22
788,Umesh Naidu,785290033588,90625233115,Punjab National Bank,"House 173, Rampur, Patna",Patna,Ayushman Bharat,47369.48,1968-11-22,9700375368,2022-11-25
789,Rekha Nair,864886170490,10485541661,Canara Bank,"House 118, Azad Nagar, Gorakhpur",Gorakhpur,PM Ujjwala,1939.38,1971-04-13,9882945007,2022-05-29
790,Mamta Mehta,992471183185,42275662553,State Bank of India,"House 307, Lal Bahadur Nagar, Patna",Patna,Ayushman Bharat,22412.93,1998-09-04,9365424974,2024-10-05
791,Ritu Sharma,325857603399,68074550853,Punjab National Bank,"House 238, Sardar Patel Nagar, Ludhiana",Ludhiana,Ayushman Bharat,6142.58,1989-06-24,9248190110,2023-01-23
792,Rakesh Patel,608865084359,68905159814,Central Bank,"Plot No.2, Near Panchayat Office, Jorhat",Sivasagar,MGNREGA,10852.31,1998-12-27,9085008364,2023-05-12
793,Sunil Chauhan,087301419406,33570476251,Canara Bank,"House 185, Rajiv Nagar, Varanasi",Varanasi,MGNREGA,410005.58,1979-04-14,9998760306,2023-12-17
794,Deepak Mallah,317022330351,11842933435,Bank of Baroda,"House 73, Nehru Vihar, Bilaspur",Bilaspur,Ayushman Bharat,20318.61,1960-10-14,9072468411,2023-07-19
795,Suman Gupta,893889137577,37659008372,State Bank of India,"House 84, Nehru Vihar, Gorakhpur",Gorakhpur,PM Fasal Bima,17844.07,1989-04-23,9202271426,2021-12-22
796,Asha Kurmi,809139508119,04883340492,Indian Bank,"House 184, Netaji Nagar, Dhubri",Dhubri,PM-KISAN,4773.73,1968-12-27,9147150870,2025-05-10
797,Pushpa Gupta,787577811495,49720764504,Bank of Baroda,"House 823, New Colony, Jabalpur",Jabalpur,MGNREGA,5553.11,1978-11-11,9734432458,2023-11-15
798,Anjali Shah,674428626769,16665854523,Allahabad Bank,"House 332, Ambedkar Nagar, Kamrup",Kamrup,MGNREGA,3983.96,1980-02-19,9284547793,2024-01-22
799,Kiran Bind,674985545623,54615796100,Bank of Baroda,"House 157, New Colony, Kamrup",Kamrup,Ayushman Bharat,29931.23,1986-01-01,9273953284,2021-05-08
800,Leela Joshi,649817922168,03308176301,Union Bank,"House 263, Rampur, Sonitpur",Sonitpur,Ayushman Bharat,29994.53,1983-09-27,9194663047,2022-12-21
801,Vinod Mehta,188942332928,14636003122,State Bank of India,"House 103, Rampur, Muzaffarpur",Muzaffarpur,MGNREGA,13629.39,1999-05-13,9200645666,2023-01-04
802,Ganesh Tiwari,799747417850,19567461606,Punjab National Bank,"House 35, Nehru Vihar, Raipur",Raipur,PM Awas Yojana,124881.21,1930-09-06,9648337138,2025-04-24
803,Ramesh Mishra,571509840956,42290600583,Central Bank,"House 774, Indira Colony, Sonitpur",Sonitpur,PM Fasal Bima,5645.88,1961-11-13,9063317244,2022-04-14
804,Mangala Rani,929638825043,66365849926,Union Bank,"House 924, Sardar Patel Nagar, Nagaon",Nagaon,PMKVY Skill Dev,18061.07,1932-01-23,9064180152,2024-09-08
805,Umesh Kewat,299383129961,94343824013,Allahabad Bank,"House 901, Bapunagar, Darrang",Darrang,NSP Scholarship,3211.92,1958-03-05,9951436045,2025-09-27
806,Suman Roy,775443951927,77727828562,State Bank of India,"House 606, Rampur, Lucknow",Lucknow,PM Fasal Bima,21296.56,1967-02-08,9442917979,2021-06-13
807,Rajesh Bose,152642965464,27816615355,Bank of India,"House 249, Model Town, Bilaspur",Bilaspur,NSAP Pension,3677.3,1990-04-20,9400455492,2024-01-13
808,Ganesh Gupta,618262761743,59850065910,Canara Bank,"House 965, Azad Nagar, Jodhpur",Jodhpur,NSP Scholarship,10077.04,1997-07-06,9256658101,2023-08-17
809,Vijay Roy,583871450675,67364065329,Punjab National Bank,"House 388, Indira Colony, Kamrup",Kamrup,PM-KISAN,4098.73,1966-01-14,9785529884,2024-06-01
810,Babli Rajput,414291973960,96370740651,UCO Bank,"House 984, Lal Bahadur Nagar, Jabalpur",Jabalpur,PM Fasal Bima,24437.89,1997-04-11,9070893376,2023-03-21
811,Ramesh Chatterjee,476331480807,48956773264,Canara Bank,"House 265, Indira Colony, Kanpur",Kanpur,PM-KISAN,2058.72,1982-03-06,9537408479,2024-05-13
812,Kamla Das,825811222810,86253999250,Allahabad Bank,"House 829, Netaji Nagar, Allahabad",Allahabad,MGNREGA,5255.88,1985-02-23,9127803613,2022-10-16
813,Guddi Joshi,676927803365,29979198481,Bank of Baroda,"House 597, Shantinagar, Darbhanga",Darbhanga,NSP Scholarship,8301.46,1996-10-06,9428889889,2021-02-12
814,Usha Kumar,607025046139,14023873125,Allahabad Bank,"House 140, Netaji Nagar, Lakhimpur",Lakhimpur,PMSBY Insurance,1828.32,1977-05-15,9036479348,2024-03-02
815,Pooja Gupta,553105604573,27107744043,Bank of India,"House 318, Model Town, Ludhiana",Ludhiana,Ayushman Bharat,11318.33,1989-07-07,9146713259,2023-02-13
816,Umesh Kahar,105927021366,31580787093,Bank of Baroda,"House 758, Model Town, Bhagalpur",Bhagalpur,NSAP Pension,2340.55,1967-03-11,9728428043,2025-06-03
817,Hitesh Kahar,368013532865,87872353457,Indian Bank,"House 883, Subhash Nagar, Jorhat",Jorhat,PM-KISAN,5873.91,1983-10-26, ,2024-06-02
818,Suman Patel,311869535318,55426299268,State Bank of India,"House 745, Model Town, Kanpur",Kanpur,PM Ujjwala,3002.47,1992-07-05,9054340317,2024-06-07
819,Deepak Lodhi,369420282602,24607592251,State Bank of India,"House 246, Rajiv Nagar, Varanasi",Varanasi,NSP Scholarship,5962.89,1964-02-09,9758801412,2024-09-22
820,Deepak Mallah,969320562688,58723164180,Canara Bank,"House 742, Lal Bahadur Nagar, Lucknow",Lucknow,NSP Scholarship,5140.54,1995-03-05,9500337671,2023-09-29
821,Ganesh Mehta,509037228112,14636003122,Union Bank,"House 935, Krishnanagar, Jorhat",Jorhat,PM-KISAN,3340.27,1983-04-20,9884663992,2023-07-30
822,Rajan Ghosh,497373513558,82654402492,Punjab National Bank,"House 970, Gandhi Nagar, Sivasagar",Sivasagar,PMKVY Skill Dev,18931.1,1988-03-25,9892230193,2025-12-09
823,Vinod Tiwari,705256876531,08676013353,Central Bank,"House 113, Bapunagar, Goalpara",Goalpara,NSP Scholarship,7232.96,1976-09-11,9111031734,2021-07-26
824,Lalita Chauhan,569138064588,86005129943,State Bank of India,"House 532, Model Town, Bhagalpur",Bhagalpur,MGNREGA,7338.33,1999-11-25,9140442069,2023-05-05
825,Ganesh Joshi,420762894915,27737695733,Bank of Baroda,"House 429, Gandhi Nagar, Allahabad",Allahabad,PMKVY Skill Dev,14725.5,1997-11-27,9445912805,2020-11-14
826,Sunil Nirmalkar,727146456713,15780091460,Canara Bank,"House 228, Model Town, Bhopal",Bhopal,PMSBY Insurance,1242.77,1994-01-07,9711108136,2021-05-24
827,Mamta Das,930449483180,61783401411,Bank of Baroda,"House 690, Indira Colony, Amritsar",Amritsar,PMKVY Skill Dev,8833.39,1976-12-31, ,2025-06-20
828,Hari Pillai,136618937333,74518202043,State Bank of India,"House 131, Subhash Nagar, Bhagalpur",Bhagalpur,NSAP Pension,5307.31,1976-03-11,9085640714,2022-09-21
829,Hari Singh,778545198447,45462176544,Punjab National Bank,"House 499, Indira Colony, Sonitpur",Sonitpur,NSAP Pension,2750.42,1978-01-08,9555530443,2021-09-11
830,Naresh Kewat,296301040475,19335580996,UCO Bank,"House 820, Gandhi Nagar, Bhagalpur",Bhagalpur,MGNREGA,8229.42,1983-08-19,9297509609,2024-07-08
831,Mamta Sahu,661854168881,64554015462,UCO Bank,"House 551, Ambedkar Nagar, Raipur",Raipur,Ayushman Bharat,16120.22,1997-12-03,9020683065,2024-05-11
832,Sunil Rani,522957042977,50780733117,Union Bank,"House 828, Rampur, Bhagalpur",Bhagalpur,PM Fasal Bima,13388.25,1980-01-30,9679930032,2021-07-18
833,Rekha Bose,807462827742,84548586888,UCO Bank,"House 932, Sardar Patel Nagar, Kamrup",Kamrup,PM Awas Yojana,140362.79,1965-03-25,9044027619,2023-11-23
834,Asha Maurya,223350196527,50996853266,Bank of Baroda,"Plot No.4, Near Panchayat Office, Sonitpur",Lucknow,Ayushman Bharat,22717.68,1970-07-08,9839018122,2024-05-20
835,Mukesh Reddy,756448283834,78637230748,Bank of Baroda,"House 652, Subhash Nagar, Jorhat",Jorhat,MGNREGA,9693.47,1957-08-26,9095978017,2024-01-22
836,Umesh Devi,359873927500,80618164970,Canara Bank,"House 95, Sardar Patel Nagar, Kanpur",Kanpur,NSP Scholarship,3993.72,1973-03-29,9363119578,2021-11-09
837,Hari Kahar,978579456088,38888896097,Bank of Baroda,"House 681, Nehru Vihar, Jaipur",Jaipur,PM Ujjwala,2536.76,1974-07-26,9478093887,2022-06-20
838,Vinod Maurya,229002045720,24594353034,Union Bank,"House 956, Gandhi Nagar, Sivasagar",Sivasagar,NSAP Pension,5264.45,1993-09-24,9820935765,2025-03-08
839,Mukesh Mishra,026633496084,53813979144,Bank of Baroda,"House 792, Lal Bahadur Nagar, Bhopal",Bhopal,PM Fasal Bima,7954.91,1981-03-03,9360891827,2020-11-21
840,Parvati Chatterjee,860403961707,50724428614,Indian Bank,"House 644, Netaji Nagar, Muzaffarpur",Muzaffarpur,MGNREGA,14393.12,1987-10-19,9105771106,2021-02-27
841,Hitesh Nair,259541628816,60040669778,Bank of Baroda,"House 412, Shantinagar, Gorakhpur",Gorakhpur,PMSBY Insurance,1560.89,1978-05-19,9173896603,2021-08-27
842,Ashok Chauhan,670465937237,38332545398,UCO Bank,"Plot No.5, Near Panchayat Office, Gaya",Kanpur,NSP Scholarship,3219.24,1959-01-04,9013958292,2023-09-29
843,Devaki Pillai,372565703922,04254009240,Bank of India,"House 962, Netaji Nagar, Kamrup",Kamrup,NSAP Pension,3717.31,1961-09-12,9341124145,2021-08-28
844,Mahesh Bind,737996415015,55647165683,Indian Bank,"House 283, Nehru Vihar, Patna",Patna,NSP Scholarship,4633.53,1958-12-13,9599474170,2025-01-09
845,Shanti Chauhan,611029618764,42637120710,Indian Bank,"House 967, Ambedkar Nagar, Lucknow",Lucknow,MGNREGA,9128.63,1984-05-23,9270539776,2024-10-14
846,Asha Mishra,801784241604,08205363903,Indian Bank,"House 980, New Colony, Ludhiana",Ludhiana,NSP Scholarship,6089.54,1991-08-11,9694293121,2022-11-06
847,Seema Shah,546924862451,14677063023,State Bank of India,"House 492, Ambedkar Nagar, Bhopal",Bhopal,PMKVY Skill Dev,19496.86,1987-03-19,9330503751,2021-11-17
848,Hari Pandey,817633003586,76267387971,Indian Bank,"House 357, Bapunagar, Darbhanga",Darbhanga,PM-KISAN,2441.65,1987-04-30,9298484909,2021-03-23
849,Saroj Nirmalkar,378393095576,48552278568,Indian Bank,"House 727, New Colony, Jaipur",Jaipur,NSAP Pension,5053.23,1999-05-27,9323688292,2025-10-17
850,Babli Rani,221430321259,16194675282,State Bank of India,"House 599, New Colony, Barpeta",Barpeta,PMKVY Skill Dev,14114.71,1971-08-04,9202075296,2022-03-29
851,Sanjay Bose,198357940439,80366201539,Punjab National Bank,"House 768, Indira Colony, Lucknow",Lucknow,PM Awas Yojana,146056.87,1975-07-20,9236941097,2023-05-24
852,Vinod Tiwari,271393952547,88609462787,Allahabad Bank,"House 154, Ambedkar Nagar, Jaipur",Jaipur,MGNREGA,8574.53,1988-09-26,9845632321,2021-08-19
853,Asha Ghosh,026160761337,59680105185,Union Bank,"House 945, Bapunagar, Dhubri",Dhubri,PMKVY Skill Dev,10423.33,1966-11-01,9913320337,2022-05-25
854,Asha Kewat,943568784631,99999999999,Central Bank,"House 457, Azad Nagar, Lucknow",Lucknow,PMKVY Skill Dev,14476.42,1994-11-27,9714824831,2023-08-14
855,Hari Yadav,682773638173,66077663279,Bank of India,"House 483, Gandhi Nagar, Barpeta",Barpeta,PMKVY Skill Dev,13524.17,1977-08-11,9774519245,2024-10-21
856,Saroj Sahu,249950990099,05778982351,Central Bank,"House 479, Netaji Nagar, Kamrup",Kamrup,PM Awas Yojana,149976.94,1990-05-14,9517744919,2023-10-27
857,Priya Shah,118074036828,94324131914,Bank of Baroda,"House 444, Lal Bahadur Nagar, Lakhimpur",Lakhimpur,NSP Scholarship,4470.61,1995-08-05,9517221881,2025-12-09
858,Prakash Joshi,154771246319,49862152300,Bank of Baroda,"House 930, Netaji Nagar, Patna",Patna,PM Ujjwala,2536.25,1964-02-02,9153512625,2025-04-04
859,Nisha Roy,678134640605,91868016632,Allahabad Bank,"House 610, Nehru Vihar, Darbhanga",Darbhanga,PM Awas Yojana,128842.14,1984-02-20,9623939803,2024-04-04
860,Babli Pandey,983546687869,86771228007,Bank of India,"House 29, Model Town, Udaipur",Udaipur,PM-KISAN,3765.39,1988-06-01,9815121497,2021-04-27
861,Rekha Rajput,027699558653,53559714827,Central Bank,"House 611, Ambedkar Nagar, Jaipur",Jaipur,Ayushman Bharat,16556.5,1995-12-31, ,2022-01-04
862,Prakash Thakur,697035786547,54726261531,Central Bank,"House 233, Shantinagar, Lakhimpur",Lakhimpur,NSP Scholarship,11731.56,1967-11-22,9056070128,2024-06-19
863,Usha Iyer,096554805745,03963501991,State Bank of India,"House 795, Model Town, Bhagalpur",Bhagalpur,NSP Scholarship,11324.19,1970-10-12,9428104189,2025-06-24
864,Meera Rajput,595311293974,36908685952,Allahabad Bank,"House 340, Model Town, Indore",Indore,PMSBY Insurance,1946.85,1966-01-05, ,2020-11-28
865,Rekha Kewat,227394734347,85617289375,Canara Bank,"House 126, Krishnanagar, Bhagalpur",Bhagalpur,PMKVY Skill Dev,11058.4,1978-01-01,9591403164,2021-02-22
866,Kiran Pandey,880844503325,95369527763,Canara Bank,"House 684, Sardar Patel Nagar, Kanpur",Kanpur,PMSBY Insurance,1887.39,1971-01-04,9875616013,2025-11-08
867,Prakash Rani,208546024438,97516833259,UCO Bank,"House 25, Netaji Nagar, Patna",Patna,MGNREGA,490641.64,1968-09-17,9470104466,2025-05-01
868,Usha Bind,259201220682,05925591136,Central Bank,"House 124, Krishnanagar, Udaipur",Udaipur,MGNREGA,8639.98,1967-05-30,9211166220,2025-11-08
869,Nisha Joshi,459788439978,38961797617,Canara Bank,"House 336, Lal Bahadur Nagar, Gorakhpur",Gorakhpur,MGNREGA,4888.2,1987-07-28,9882305519,2022-03-10
870,Saroj Sahu,243877504316,12613768408,Canara Bank,"House 483, Shantinagar, Dhubri",Dhubri,NSP Scholarship,10126.71,1987-03-04,9189324495,2025-09-04
871,Savita Nirmalkar,111372921430,08194778666,Allahabad Bank,"House 204, Rajiv Nagar, Kamrup",Kamrup,PM Fasal Bima,17787.19,1961-11-21,9608914079,2023-07-30
872,Tulsi Singh,790462128858,89965939311,Union Bank,"House 224, Sardar Patel Nagar, Ludhiana",Ludhiana,PM Awas Yojana,122719.92,1966-10-09,9447173606,2023-10-08
873,Anil Pandey,103842178804,81310396930,Central Bank,"House 227, Krishnanagar, Darrang",Darrang,PM Awas Yojana,148128.66,1996-06-18,9547382252,2023-12-12
874,Guddi Nath,242320525144,05011921245,Bank of Baroda,"House 30, Indira Colony, Nagaon",Nagaon,NSAP Pension,3591.64,1982-08-01,9449117506,2023-10-20
875,Naresh Devi,265208103220,03155298130,Central Bank,"House 263, Netaji Nagar, Jorhat",Jorhat,PM-KISAN,4738.14,1967-05-05,9944534336,2024-11-09
876,Rajesh Shah,330445769924,14354276202,UCO Bank,"House 482, Subhash Nagar, Lucknow",Lucknow,MGNREGA,7347.46,1993-01-24,9671298213,2022-04-12
877,Anil Jha,585929932734,54257437688,Bank of India,"Plot No.2, Near Panchayat Office, Jorhat",Nagaon,MGNREGA,11791.19,1996-02-15,9990017302,2022-11-11
878,Pooja Devi,583825380513,63602219562,Canara Bank,"House 686, Azad Nagar, Raipur",Raipur,PM Ujjwala,2833.71,1992-10-12,9637912739,2023-09-05
879,Anil Pandey,536906534664,01034812409,Central Bank,"House 571, Indira Colony, Indore",Indore,PM Awas Yojana,131221.21,1958-03-25,9082667239,2021-07-06
880,Rakesh Sharma,499162968624,10713333295,Canara Bank,"House 387, Rajiv Nagar, Sivasagar",Sivasagar,NSP Scholarship,4159.07,1957-09-15,9482205790,2020-11-01
881,Pushpa Jha,932636255961,72383487188,Indian Bank,"House 354, Gandhi Nagar, Jaipur",Jaipur,NSAP Pension,5712.09,1960-05-07,9593885792,2025-04-23
882,Babli Iyer,330449253331,19978261896,Canara Bank,"House 447, Nehru Vihar, Bilaspur",Bilaspur,PMSBY Insurance,1373.13,1999-05-26,9692703017,2020-12-18
883,Mangala Rani,612710739906,72188430700,Central Bank,"House 876, Krishnanagar, Jabalpur",Jabalpur,MGNREGA,8228.94,1990-08-24,9341264646,2024-04-25
884,Neha Verma,579554713853,70338803311,Central Bank,"House 732, Subhash Nagar, Bhopal",Bhopal,PMKVY Skill Dev,18611.48,1999-06-05,9097138182,2022-09-12
885,Umesh Thakur,931879888142,82312170460,Canara Bank,"House 40, Lal Bahadur Nagar, Darbhanga",Darbhanga,Ayushman Bharat,27653.04,1958-03-25,9274177581,2023-08-05
886,Pushpa Sahu,727615644430,81977072566,Bank of Baroda,"House 932, Lal Bahadur Nagar, Sivasagar",Sivasagar,PM-KISAN,4026.72,2000-03-11,9811773604,2025-10-19
887,Ramesh Naidu,422426142661,14844241091,UCO Bank,"House 485, Subhash Nagar, Indore",Indore,MGNREGA,4541.17,1975-03-05,9973847484,2022-05-30
888,Tulsi Maurya,483445662371,19531098121,Union Bank,"House 74, Model Town, Jodhpur",Jodhpur,PMSBY Insurance,1584.57,1983-01-14,9396967004,2024-12-07
889,Rakesh Singh,018884095634,54051970168,State Bank of India,"House 183, Lal Bahadur Nagar, Barpeta",Barpeta,PMKVY Skill Dev,11334.25,1973-01-25,9630091043,2022-02-25
890,Vandana Kumar,255186596019,68229333537,Union Bank,"House 50, Krishnanagar, Muzaffarpur",Muzaffarpur,NSP Scholarship,8297.19,1971-04-17,9155282260,2024-11-06
891,Anil Mukherjee,373116402359,14636003122,Bank of Baroda,"House 919, Ambedkar Nagar, Jaipur",Jaipur,PMKVY Skill Dev,19659.04,1995-01-10,9180023062,2023-03-27
892,Mohan Sharma,182561117310,04499683127,UCO Bank,"House 20, Subhash Nagar, Indore",Indore,PMSBY Insurance,1485.39,1974-06-03,9067720637,2024-05-12
893,Prakash Kewat,613004580069,68092737412,Canara Bank,"House 557, Rajiv Nagar, Amritsar",Amritsar,PM-KISAN,5420.64,1961-11-21,9166096037,2021-06-03
894,Tulsi Mishra,898751360367,32171997585,Bank of Baroda,"House 268, Netaji Nagar, Allahabad",Allahabad,PMSBY Insurance,1459.76,1974-09-28,9514817125,2023-03-25
895,Leela Pillai,391034449529,38831514086,Punjab National Bank,"House 264, Model Town, Jodhpur",Jodhpur,PM-KISAN,2911.77,1959-06-13,9868124068,2023-10-24
896,Mahesh Patel,215104285379,58667816444,Punjab National Bank,"House 959, Shantinagar, Jaipur",Jaipur,PM Awas Yojana,147267.43,1980-12-24,9543631811,2021-01-20
897,Mamta Rani,330323308213,89314166982,Central Bank,"House 58, New Colony, Udaipur",Udaipur,PM-KISAN,3374.76,1980-05-19,9072738529,2022-01-30
898,Mahesh Mukherjee,701370523275,33118970962,Union Bank,"House 401, New Colony, Bhopal",Bhopal,NSP Scholarship,7022.85,1986-10-24,9922222763,2023-12-08
899,Bharat Mallah,228982862744,22862341186,Punjab National Bank,"House 674, Indira Colony, Nagaon",Nagaon,Ayushman Bharat,31355.79,1987-06-26,9420316578,2022-01-04
900,Parvati Kewat,279968168180,47177715897,Punjab National Bank,"House 742, Rampur, Bilaspur",Bilaspur,PM Fasal Bima,2526.74,1966-11-07,9022296653,2023-03-11
901,Hitesh Kurmi,329690544049,78625513074,Punjab National Bank,"House 97, Gandhi Nagar, Raipur",Raipur,PM Ujjwala,1904.98,1980-03-17,9070491088,2025-05-03
902,Ganga Singh,244354870242,89243749450,Indian Bank,"House 886, Netaji Nagar, Jodhpur",Jodhpur,PMKVY Skill Dev,9755.13,1989-02-13,9930781661,2023-12-03
903,Naresh Roy,309667667452,87732096229,Central Bank,"House 115, Model Town, Barpeta",Barpeta,MGNREGA,10726.91,1974-04-13,9469000599,2024-10-31
904,Ritu Naidu,251379120663,42013882914,Union Bank,"House 529, Bapunagar, Dhubri",Dhubri,PM Fasal Bima,4620.58,1959-12-29,9017234801,2025-11-13
905,Mohan Pillai,495442043422,98278004144,Central Bank,"House 872, Krishnanagar, Kanpur",Kanpur,PM-KISAN,3523.72,1963-09-18,9717516884,2022-08-20
906,Ritu Verma,292085725154,68608200327,Indian Bank,"House 486, Nehru Vihar, Jaipur",Jaipur,NSAP Pension,4232.83,1966-04-29,9081372482,2024-07-18
907,Vinod Devi,741154986596,15815198728,Punjab National Bank,"House 99, Sardar Patel Nagar, Bilaspur",Bilaspur,Ayushman Bharat,42213.34,1969-11-15,9157990822,2022-06-30
908,Meera Joshi,993994990727,28970357761,Indian Bank,"House 240, Gandhi Nagar, Ludhiana",Ludhiana,NSAP Pension,5734.92,1981-11-14,9247747929,2021-08-22
909,Kavita Kurmi,060531284667,91937239946,Bank of India,"House 622, New Colony, Varanasi",Varanasi,NSP Scholarship,11885.51,1961-07-31,9560641067,2022-10-22
910,Vijay Kewat,825794896532,38979260158,State Bank of India,"House 232, Sardar Patel Nagar, Darbhanga",Darbhanga,PMKVY Skill Dev,19585.72,1970-05-25,9951720035,2023-09-07
911,Vandana Nath,322627216984,38317287977,State Bank of India,"House 649, Ambedkar Nagar, Lakhimpur",Lakhimpur,PM-KISAN,4713.73,1962-03-01,9608279277,2021-01-08
912,Naresh Tiwari,812375900724,39420094369,Central Bank,"House 702, Nehru Vihar, Bhagalpur",Bhagalpur,PM Awas Yojana,148421.85,1967-08-12,9689476806,2023-03-31
913,Yogesh Rajput,767751830790,54496950544,Indian Bank,"House 814, Krishnanagar, Gorakhpur",Gorakhpur,PMKVY Skill Dev,12789.93,1995-01-06,9366997478,2024-06-22
914,Pooja Jha,965583496494,43665984910,UCO Bank,"House 928, Ambedkar Nagar, Lucknow",Lucknow,PMSBY Insurance,1670.8,1968-12-17,9898004862,2024-07-24
915,Seema Kewat,638074758667,11111111111,State Bank of India,"House 356, Gandhi Nagar, Indore",Indore,MGNREGA,7237.81,1927-12-31, ,2025-03-17
916,Kavita Kurmi,663964638170,78284820644,Punjab National Bank,"House 125, Rampur, Ludhiana",Ludhiana,PM Ujjwala,2429.88,1989-06-16,9343838895,2022-05-22
917,Umesh Nirmalkar,599089211828,27039278400,Indian Bank,"House 700, Sardar Patel Nagar, Gaya",Gaya,MGNREGA,5243.7,1981-04-26,9063113106,2021-09-30
918,Dinesh Pillai,096043372471,18900542439,Punjab National Bank,"House 983, Gandhi Nagar, Dhubri",Dhubri,Ayushman Bharat,15323.28,1963-03-28, ,2023-10-19
919,Meera Mehta,402142582083,98860229965,Indian Bank,"House 143, Model Town, Nagaon",Nagaon,PMSBY Insurance,1799.53,1970-01-30,9900394274,2023-12-30
920,Anil Bind,704715875444,48767269281,Union Bank,"House 668, Netaji Nagar, Indore",Indore,PM-KISAN,3138.01,1985-10-13,9205274753,2021-05-02
921,Suresh Chatterjee,121348475920,95707055837,Punjab National Bank,"House 156, Nehru Vihar, Ludhiana",Ludhiana,PMKVY Skill Dev,19624.21,1971-06-08,9331013945,2020-12-01
922,Pooja Chatterjee,497128876479,60278344984,Punjab National Bank,"House 209, Indira Colony, Lucknow",Lucknow,PM Ujjwala,2510.75,1997-11-12,9130412379,2023-07-20
923,Tulsi Patel,983975667539,60371752538,Indian Bank,"House 861, Azad Nagar, Bhopal",Bhopal,NSP Scholarship,6291.07,1993-06-20,9585834063,2021-01-17
924,Vandana Jha,890356406244,17536315939,Allahabad Bank,"House 854, Krishnanagar, Barpeta",Barpeta,MGNREGA,14610.49,1994-11-27,9085344369,2020-11-17
925,Munni Devi,006274906785,37588694033,Bank of India,"House 177, Krishnanagar, Goalpara",Goalpara,Ayushman Bharat,36360.94,1979-10-26,9307823534,2025-07-09
926,Anjali Sahu,540428246852,62504977563,Canara Bank,"House 219, Shantinagar, Jodhpur",Jodhpur,PMKVY Skill Dev,18807.93,1971-07-01,9322241491,2024-08-11
927,Saroj Nair,737828616300,48118007938,UCO Bank,"House 328, Shantinagar, Jodhpur",Jodhpur,NSP Scholarship,4281.65,1931-12-09,9572923773,2023-11-19
928,Naresh Bose,506049595263,08128062187,Allahabad Bank,"House 330, Shantinagar, Jodhpur",Jodhpur,MGNREGA,14785.51,1995-11-11,9032632903,2021-05-06
929,Mangala Bind,758310939676,11427751827,Indian Bank,"House 937, Subhash Nagar, Barpeta",Barpeta,PM Awas Yojana,137862.18,1974-05-26,9023329469,2020-10-24
930,Vijay Kumar,321142512656,59941729396,UCO Bank,"House 298, Ambedkar Nagar, Lucknow",Lucknow,Ayushman Bharat,16383.34,1987-09-03,9048157871,2022-02-04
931,Anil Rani,830003235129,88346832666,Canara Bank,"House 986, Rajiv Nagar, Darrang",Darrang,PM Fasal Bima,10031.38,1957-08-03,9255868691,2023-08-23
932,Shanti Jha,229740924313,87494333957,Central Bank,"House 754, Sardar Patel Nagar, Sonitpur",Sonitpur,Ayushman Bharat,16905.11,1966-02-03,9663629695,2022-06-04
933,Suresh Gupta,010881712295,60881842578,Union Bank,"House 243, Gandhi Nagar, Dhubri",Dhubri,NSAP Pension,5234.24,1962-04-05,9397544284,2021-01-25
934,Mohan Lodhi,967578238385,00769765550,Bank of India,"House 545, Azad Nagar, Darrang",Darrang,PM Fasal Bima,7286.88,1986-01-14,9631061033,2024-06-21
935,Rekha Kurmi,383240829402,13245604664,Bank of India,"House 251, Ambedkar Nagar, Bilaspur",Bilaspur,PM Awas Yojana,121430.49,1967-03-28,9487808497,2025-02-24
936,Vandana Maurya,488675236655,09717825022,Bank of India,"House 306, Rampur, Jabalpur",Jabalpur,NSAP Pension,5619.18,1967-04-01,9158916782,2024-12-05
937,Kamla Singh,341920945324,96196839302,Bank of Baroda,"House 67, Azad Nagar, Dhubri",Dhubri,MGNREGA,8101.98,1975-10-05,9632828934,2021-07-27
938,Rajesh Nath,744000120414,72669850353,Allahabad Bank,"House 181, Shantinagar, Nagaon",Nagaon,NSP Scholarship,5054.57,1965-11-19,9275936168,2025-11-11
939,Rekha Thakur,984171114432,76070168718,Canara Bank,"House 811, New Colony, Sonitpur",Sonitpur,PM Fasal Bima,11643.18,1988-12-26,9493550155,2021-11-13
940,Anil Gupta,132440392625,40404050958,Allahabad Bank,"House 119, Rajiv Nagar, Jorhat",Jorhat,MGNREGA,8782.88,1990-04-30,9762952138,2021-06-11
941,Devaki Nath,674428626769,17431061342,Canara Bank,"House 68, Ambedkar Nagar, Sonitpur",Sonitpur,PMSBY Insurance,1802.23,1980-02-15,9705989631,2024-07-30
942,Anjali Kumar,497145656332,77411145384,Union Bank,"House 654, Indira Colony, Lakhimpur",Lakhimpur,PM-KISAN,2788.32,1989-03-03,9220182582,2022-12-02
943,Neha Kumar,189557978250,53980173133,Bank of Baroda,"House 619, Nehru Vihar, Goalpara",Goalpara,PM Fasal Bima,9788.23,1973-11-20,9743458813,2025-08-28
944,Devaki Mishra,136158952498,91367770517,Bank of Baroda,"House 476, Ambedkar Nagar, Ludhiana",Ludhiana,NSAP Pension,5420.08,1985-07-03, ,2021-11-20
945,Tulsi Chauhan,047477066827,81643375614,Union Bank,"House 816, Gandhi Nagar, Nagaon",Nagaon,MGNREGA,7977.92,1964-12-24,9442228861,2022-09-24
946,Anil Tiwari,510869535494,61810595169,Bank of Baroda,"House 51, Netaji Nagar, Lucknow",Lucknow,PM Awas Yojana,138129.27,1970-11-22,9790093200,2023-07-17
947,Babli Kewat,466321072196,61158935753,Union Bank,"House 382, Rajiv Nagar, Allahabad",Allahabad,PM-KISAN,2282.75,1982-05-31, ,2025-04-17
948,Parvati Pandey,297643326853,33054218264,Allahabad Bank,"House 705, Krishnanagar, Patna",Patna,PM-KISAN,5563.59,1963-07-24,9884428532,2023-01-20
949,Anita Mallah,673538171580,33333333333,UCO Bank,"House 53, Rajiv Nagar, Bhopal",Bhopal,Ayushman Bharat,5226.61,1980-08-24,9993103099,2025-08-16
950,Saroj Naidu,609212619851,29000729836,Union Bank,"House 21, Ambedkar Nagar, Varanasi",Varanasi,PMSBY Insurance,1335.05,1960-02-14,9122062989,2024-08-08
951,Pooja Verma,295339472748,00769582432,Indian Bank,"House 51, Lal Bahadur Nagar, Raipur",Raipur,PM-KISAN,4051.39,1958-06-16,9336405765,2023-06-18
952,Parvati Mukherjee,731337033668,36061160004,Indian Bank,"House 262, Krishnanagar, Lakhimpur",Lakhimpur,PM Ujjwala,2074.65,1977-03-31,9815912629,2022-03-13
953,Hitesh Kahar,935042699890,89597487526,Allahabad Bank,"House 769, Shantinagar, Lakhimpur",Lakhimpur,PMSBY Insurance,1594.74,1977-10-03,9538358323,2025-11-16
954,Munni Verma,528270277882,13859842186,Bank of India,"House 766, Gandhi Nagar, Lucknow",Lucknow,Ayushman Bharat,6283.88,1975-05-31,9200863973,2024-04-11
955,Asha Das,690260599206,87750693920,Union Bank,"House 276, Rajiv Nagar, Kanpur",Kanpur,NSP Scholarship,7854.75,1985-07-15,9351237588,2023-01-17
956,Bharat Mukherjee,294713718147,24107083022,Central Bank,"House 186, Rampur, Udaipur",Udaipur,NSAP Pension,4176.2,1978-03-24,9921141950,2022-01-03
957,Asha Kahar,785972996325,97707732563,Indian Bank,"House 108, Krishnanagar, Bhopal",Bhopal,PMSBY Insurance,1253.68,1997-02-04,9312844347,2021-02-26
958,Bharat Roy,540439633180,96471880734,Bank of India,"House 801, Bapunagar, Lakhimpur",Lakhimpur,Ayushman Bharat,689292.95,1963-07-22,9501249712,2024-06-03
959,Prakash Kurmi,533215220331,30881970831,UCO Bank,"House 14, Subhash Nagar, Bhopal",Bhopal,PMSBY Insurance,1455.81,1977-07-22,9976577306,2023-10-09
960,Naresh Joshi,229229760653,33612762997,Canara Bank,"House 874, Subhash Nagar, Amritsar",Amritsar,PMSBY Insurance,1479.95,1958-12-21,9700014925,2024-01-10
961,Sunita Gupta,617114634220,23886544564,Bank of Baroda,"House 924, Netaji Nagar, Varanasi",Varanasi,PMKVY Skill Dev,19908.41,1960-06-08,9782172785,2021-07-11
962,Mohan Bind,481296066631,24310519443,Punjab National Bank,"House 927, New Colony, Amritsar",Amritsar,PMKVY Skill Dev,16564.54,1996-11-09,9779802856,2024-08-28
963,Mohan Thakur,568930083699,19889558497,State Bank of India,"House 199, Rampur, Lucknow",Lucknow,PM Ujjwala,2142.98,1966-03-14,9728944116,2025-03-27
964,Ritu Patel,740456610670,11111111111,Union Bank,"House 409, Lal Bahadur Nagar, Udaipur",Udaipur,MGNREGA,12624.5,1937-10-10, ,2025-10-03
965,Meera Reddy,413127655464,46517436881,Canara Bank,"House 954, Indira Colony, Ludhiana",Ludhiana,PM-KISAN,3051.42,1978-04-09,9191400285,2023-03-12
966,Kavita Lodhi,163666631147,98056220634,Punjab National Bank,"House 678, Azad Nagar, Kamrup",Kamrup,PMKVY Skill Dev,16717.48,1991-04-11,9611481867,2025-02-03
967,Kamla Nair,766641000478,16932209473,State Bank of India,"House 545, Rajiv Nagar, Sivasagar",Sivasagar,NSAP Pension,3341.42,1961-03-31,9334765455,2024-02-18
968,Sunil Singh,427602492981,34057023913,Bank of Baroda,"House 787, Sardar Patel Nagar, Varanasi",Varanasi,PMKVY Skill Dev,15089.42,1998-04-03,9841836312,2024-03-01
969,Mukesh Shah,636589218390,18415619067,Central Bank,"House 16, Gandhi Nagar, Allahabad",Allahabad,PMKVY Skill Dev,15886.4,1957-12-09,9244262000,2022-05-28
970,Ritu Mishra,650513700778,71389788402,Bank of Baroda,"House 961, Bapunagar, Amritsar",Amritsar,PM Ujjwala,2472.44,1974-10-23,9919245789,2022-08-25
971,Vandana Maurya,124744142813,70672487432,State Bank of India,"House 396, Ambedkar Nagar, Dhubri",Dhubri,NSP Scholarship,8608.74,1978-09-05,9231779112,2025-12-06
972,Priya Singh,475102579935,19680115572,Canara Bank,"House 273, Gandhi Nagar, Bilaspur",Bilaspur,Ayushman Bharat,16711.53,1966-11-14,9201403326,2023-12-25
973,Santosh Nirmalkar,852659308880,23511894400,State Bank of India,"House 827, Shantinagar, Muzaffarpur",Muzaffarpur,NSAP Pension,2802.8,1988-07-08,9726051789,2025-09-23
974,Rekha Nirmalkar,449205297707,09916607524,Allahabad Bank,"House 925, Krishnanagar, Lucknow",Lucknow,PMSBY Insurance,1852.36,1964-04-14,9640189578,2021-06-03
975,Mamta Patel,896137909490,56845568034,UCO Bank,"House 878, Rajiv Nagar, Kamrup",Kamrup,Ayushman Bharat,34511.82,1962-11-15,9665323104,2025-10-23
976,Ashok Kewat,426081433021,45992193500,Bank of India,"House 705, Nehru Vihar, Lakhimpur",Lakhimpur,PM Awas Yojana,134318.43,1981-06-24,9504793794,2023-12-14
977,Hitesh Gupta,575764440179,51264341662,State Bank of India,"House 974, Shantinagar, Goalpara",Goalpara,NSAP Pension,513241.31,1962-02-06,9177640965,2023-09-23
978,Ganga Kumar,526856990186,34210543131,Bank of India,"House 281, Rampur, Lucknow",Lucknow,PM-KISAN,4240.54,1977-07-24,9600059034,2021-03-03
979,Ritu Yadav,747287907906,01416714020,UCO Bank,"Plot No.4, Near Panchayat Office, Sonitpur",Gaya,NSP Scholarship,5811.66,1964-08-09,9163824493,2021-01-13
980,Lalita Yadav,327115365881,83703014409,Union Bank,"House 874, Krishnanagar, Jodhpur",Jodhpur,PM Fasal Bima,7627.79,1983-09-24,9271882788,2023-07-28
981,Ganesh Nair,702433226089,56199602284,Indian Bank,"House 700, Gandhi Nagar, Jodhpur",Jodhpur,PM Awas Yojana,141048.53,1988-09-04,9173358400,2022-09-15
982,Mahesh Kurmi,057351850813,14206322783,Bank of Baroda,"House 232, Ambedkar Nagar, Ludhiana",Ludhiana,PM-KISAN,2522.83,1964-04-12,9279494518,2025-10-11
983,Anita Pillai,814650251784,40568937913,Canara Bank,"House 146, Sardar Patel Nagar, Sivasagar",Sivasagar,PM Ujjwala,2622.33,1961-03-13,9020949269,2022-03-31
984,Ganga Rajput,614139395072,96445890321,UCO Bank,"House 719, Rajiv Nagar, Ludhiana",Ludhiana,Ayushman Bharat,11504.46,1998-08-13,9918485788,2025-04-07
985,Usha Das,053674474476,84547703270,Allahabad Bank,"House 195, Indira Colony, Sonitpur",Sonitpur,PMKVY Skill Dev,14052.75,1985-12-22,9563018895,2022-12-08
986,Dinesh Jha,093233638649,34934997043,Central Bank,"House 636, Ambedkar Nagar, Jabalpur",Jabalpur,NSP Scholarship,4283.68,1979-09-02,9906683642,2023-06-18
987,Kavita Chatterjee,661114961391,78548103802,Punjab National Bank,"House 597, Krishnanagar, Nagaon",Nagaon,MGNREGA,10958.0,1968-04-18,9548122606,2025-06-04
988,Anil Mukherjee,017082933557,71481304240,Union Bank,"House 791, Gandhi Nagar, Amritsar",Amritsar,PMSBY Insurance,1269.79,1967-10-12,9061752567,2021-12-18
989,Suresh Kahar,384108288821,36472379126,Indian Bank,"House 192, Lal Bahadur Nagar, Udaipur",Udaipur,NSAP Pension,3665.52,1980-11-16,9515200146,2021-04-19
990,Anil Patel,015403558329,80800112555,State Bank of India,"House 333, Gandhi Nagar, Barpeta",Barpeta,NSP Scholarship,5168.1,1967-10-07,9862406222,2025-06-27
991,Babli Nath,118645913344,56314099289,Union Bank,"House 590, Gandhi Nagar, Dhubri",Dhubri,PM Ujjwala,2108.32,1963-03-05,9956586626,2023-12-12
992,Kavita Patel,282704457824,67689072118,Punjab National Bank,"House 777, Subhash Nagar, Kamrup",Kamrup,PMSBY Insurance,1230.08,1978-08-18,9998932021,2025-06-27
993,Rekha Kurmi,391240107010,16946548664,Indian Bank,"House 315, Ambedkar Nagar, Bilaspur",Bilaspur,PM Awas Yojana,124548.26,1992-12-14,9954008488,2022-12-08
994,Suman Chatterjee,677047905974,94399148969,Bank of India,"House 163, Nehru Vihar, Allahabad",Allahabad,MGNREGA,13041.18,1972-11-17,9502977778,2021-08-29
995,Anita Kurmi,768277864528,75997843798,Canara Bank,"House 701, Bapunagar, Darrang",Darrang,PM Ujjwala,2017.26,1977-09-08,9040215567,2022-12-11
996,Vijay Maurya,927779490719,99409571577,Indian Bank,"Plot No.4, Near Panchayat Office, Sonitpur",Kamrup,NSAP Pension,2489.2,1967-08-16,9175239370,2025-05-21
997,Sunil Mishra,211550679933,50017057312,Allahabad Bank,"House 468, Rajiv Nagar, Jabalpur",Jabalpur,PM Awas Yojana,122106.73,1927-06-17,9081074312,2024-10-11
998,Suman Thakur,325339723119,93515598807,Union Bank,"House 851, Krishnanagar, Indore",Indore,PMSBY Insurance,1694.06,1994-02-21,9409899793,2024-11-13
999,Yogesh Rajput,510706115788,60278344984,Punjab National Bank,"House 937, Netaji Nagar, Barpeta",Barpeta,PM Awas Yojana,124303.43,1961-07-19,9573444642,2022-12-31
1000,Hitesh Tiwari,267182887555,78730965473,UCO Bank,"House 399, Ambedkar Nagar, Dhubri",Dhubri,Ayushman Bharat,7337.28,1989-11-19,9756443799,2025-03-13
1001,Devaki Das,359831721696,67607327685,Bank of India,"House 696, Sardar Patel Nagar, Nagaon",Nagaon,Ayushman Bharat,10167.76,1933-11-15,9219323341,2024-04-11
1002,Seema Mishra,697073672707,46723422223,Indian Bank,"House 185, Rajiv Nagar, Amritsar",Amritsar,NSAP Pension,3969.22,1958-03-27,9759739583,2023-01-30
1003,Neha Roy,178351101793,37847422426,Central Bank,"House 305, Rampur, Barpeta",Barpeta,NSP Scholarship,9100.81,1962-08-21,9181675169,2024-03-02
1004,Kiran Verma,778282185702,47726548488,Bank of Baroda,"House 396, Indira Colony, Sonitpur",Sonitpur,PMKVY Skill Dev,17870.03,1977-10-22,9484593253,2024-11-20
1005,Umesh Iyer,751193322933,72175941995,State Bank of India,"House 625, Krishnanagar, Sonitpur",Sonitpur,Ayushman Bharat,22718.12,1983-09-13,9509833598,2024-12-24
1006,Deepak Jha,662843642691,14636003122,Central Bank,"House 669, Rampur, Gorakhpur",Gorakhpur,Ayushman Bharat,38466.96,1978-12-16,9520230298,2020-12-31
1007,Usha Yadav,990743028434,48775716233,Bank of India,"House 821, Netaji Nagar, Nagaon",Nagaon,PM-KISAN,3994.4,1994-10-13,9754146355,2025-06-05
1008,Umesh Reddy,885746695623,90995888561,UCO Bank,"House 687, Nehru Vihar, Kamrup",Kamrup,NSAP Pension,3102.69,1969-09-19,9024739837,2023-06-17
1009,Sanjay Nirmalkar,631797295161,39169485719,Bank of India,"House 651, Sardar Patel Nagar, Udaipur",Udaipur,PM-KISAN,3333.14,1973-01-30,9078262699,2025-08-03
1010,Hitesh Shah,582741243123,22769119805,Bank of India,"House 314, Nehru Vihar, Gorakhpur",Gorakhpur,MGNREGA,10674.69,1960-12-15,9928211226,2021-12-08
1011,Parvati Rani,755231770038,27575541737,Bank of Baroda,"House 231, Gandhi Nagar, Nagaon",Nagaon,Ayushman Bharat,17144.21,1918-11-23,9157389500,2025-04-10
1012,Kiran Mallah,063983680160,58020585554,Bank of India,"House 387, Bapunagar, Allahabad",Allahabad,PM Awas Yojana,131735.26,1992-12-18,9061913458,2020-10-23
1013,Anjali Das,971667705542,45763828094,Indian Bank,"House 521, Gandhi Nagar, Jaipur",Jaipur,Ayushman Bharat,25514.8,1996-08-21,9126172774,2021-01-01
1014,Rajan Gupta,768672684268,79746109095,Central Bank,"House 187, Ambedkar Nagar, Raipur",Raipur,PM-KISAN,5983.66,1985-11-30,9206225510,2021-09-04
1015,Nisha Shah,307813838753,29847693844,Allahabad Bank,"House 351, Bapunagar, Raipur",Raipur,PMKVY Skill Dev,10195.62,1973-05-09,9822772213,2023-10-26
1016,Devaki Patel,753871065403,90245508355,State Bank of India,"House 306, Indira Colony, Jorhat",Jorhat,PMSBY Insurance,1906.87,1982-11-08,9685789914,2022-11-04
1017,Naresh Mishra,929443610939,48172967903,Canara Bank,"House 447, Indira Colony, Allahabad",Allahabad,PM-KISAN,2922.48,1966-10-29,9835186421,2024-03-13
1018,Pushpa Sharma,929123733580,98404337585,UCO Bank,"House 628, Lal Bahadur Nagar, Jabalpur",Jabalpur,PMKVY Skill Dev,15759.6,1976-01-26,9313530682,2023-10-26
1019,Asha Sharma,973193129741,04654746883,UCO Bank,"House 735, Shantinagar, Gaya",Gaya,PM Awas Yojana,122163.64,1998-08-22,9986269972,2024-08-01
1020,Mamta Devi,581703860829,42120215602,State Bank of India,"House 905, Sardar Patel Nagar, Barpeta",Barpeta,MGNREGA,3417.77,1969-09-29,9817240656,2022-05-18
1021,Kiran Sahu,669218508544,60278344984,UCO Bank,"House 315, Shantinagar, Sivasagar",Sivasagar,NSAP Pension,5371.52,1959-02-06,9217218740,2023-04-08
1022,Vandana Bind,158543482151,50969206646,State Bank of India,"House 377, Ambedkar Nagar, Barpeta",Barpeta,Ayushman Bharat,14395.24,1999-11-14,9349720010,2025-07-10
1023,Mangala Kumar,408858629552,42416298029,Indian Bank,"House 163, Rajiv Nagar, Bhopal",Bhopal,MGNREGA,6466.41,1980-07-10,9247864753,2022-08-22
1024,Saroj Mukherjee,645816882683,71930835826,Punjab National Bank,"House 875, Ambedkar Nagar, Gaya",Gaya,PM Ujjwala,3068.34,1995-08-04,9131474042,2025-10-03
1025,Suman Das,252756519754,89935738858,Allahabad Bank,"House 13, Rajiv Nagar, Darrang",Darrang,PMKVY Skill Dev,16647.81,1961-12-16,9604553740,2022-11-07
1026,Rekha Reddy,749378923583,05290128816,Indian Bank,"Plot No.2, Near Panchayat Office, Jorhat",Dhubri,Ayushman Bharat,25154.11,1961-10-21,9311050087,2023-08-19
1027,Vinod Mehta,159395095225,44176430004,Canara Bank,"House 126, Shantinagar, Gaya",Gaya,NSAP Pension,2390.53,1958-05-27,9246960419,2024-04-29
1028,Neha Mallah,805221707292,36804011541,Union Bank,"House 936, Krishnanagar, Muzaffarpur",Muzaffarpur,Ayushman Bharat,22697.36,1988-04-20,9699282058,2023-10-02
1029,Priya Sahu,062623959134,78496451698,Central Bank,"House 477, Bapunagar, Nagaon",Nagaon,MGNREGA,9603.96,1973-11-11,9034315917,2025-07-11
1030,Rekha Kurmi,015388697276,86829052286,Union Bank,"House 199, Gandhi Nagar, Nagaon",Nagaon,PM Awas Yojana,142674.04,1980-04-10,9684362109,2022-06-02
1031,Prakash Joshi,500220304899,27111894137,Punjab National Bank,"House 754, Netaji Nagar, Lucknow",Lucknow,NSP Scholarship,10948.76,1957-02-02,9924015468,2024-10-23
1032,Rakesh Chauhan,568247960174,94941066502,Central Bank,"House 934, Gandhi Nagar, Kanpur",Kanpur,MGNREGA,11790.41,1990-07-01,9660654802,2025-09-16
1033,Saroj Mallah,444721993700,87351418737,Punjab National Bank,"House 732, Netaji Nagar, Amritsar",Amritsar,PM Fasal Bima,17002.39,1983-07-29,9380672886,2025-04-02
1034,Sunita Naidu,273875152449,03308853971,UCO Bank,"House 881, Netaji Nagar, Kanpur",Kanpur,PMSBY Insurance,1796.05,1990-02-25,9027123226,2021-03-29
1035,Anjali Mallah,552009348224,39826082757,UCO Bank,"House 410, Krishnanagar, Goalpara",Goalpara,Ayushman Bharat,43023.67,1979-08-24,9441025712,2022-12-13
1036,Parvati Naidu,653159292108,56054421304,Bank of Baroda,"House 545, Shantinagar, Barpeta",Barpeta,NSP Scholarship,8531.1,1962-01-19,9814817322,2021-05-19
1037,Vinod Nath,732137553930,40069162418,Central Bank,"House 564, Netaji Nagar, Bhopal",Bhopal,PM Ujjwala,2744.59,1965-05-18,9733801158,2025-09-21
1038,Deepak Sharma,970646548574,60278344984,State Bank of India,"House 837, Shantinagar, Sivasagar",Sivasagar,Ayushman Bharat,33657.58,1962-02-06,9467987485,2025-10-30
1039,Rajesh Devi,918949255395,80361138817,Canara Bank,"House 711, Ambedkar Nagar, Nagaon",Nagaon,PM Awas Yojana,139412.61,1982-07-03,9245854407,2022-05-21
1040,Rakesh Nirmalkar,676769682005,16022329739,Bank of Baroda,"House 204, Subhash Nagar, Bhagalpur",Bhagalpur,NSP Scholarship,7882.54,1967-07-02,9967379604,2023-06-29
1041,Mamta Das,888204603647,45886411145,Bank of Baroda,"House 780, Azad Nagar, Lucknow",Lucknow,NSP Scholarship,9403.8,1989-03-28,9160859895,2025-06-21
1042,Ashok Naidu,697590872627,39227094374,Central Bank,"House 77, Model Town, Indore",Indore,MGNREGA,7780.96,1990-12-17,9983562320,2021-11-28
1043,Kavita Rani,400668778904,36877086272,State Bank of India,"House 187, Rampur, Gorakhpur",Gorakhpur,NSAP Pension,5404.92,1987-01-23,9909904053,2024-03-02
1044,Geeta Roy,673838113074,10239236390,Allahabad Bank,"House 890, Rampur, Gorakhpur",Gorakhpur,PM Awas Yojana,121592.27,1985-02-23,9391014966,2025-06-17
1045,Rekha Thakur,929640607452,52971271129,State Bank of India,"Plot No.4, Near Panchayat Office, Sonitpur",Gorakhpur,PMSBY Insurance,1908.07,1960-12-10,9382684349,2022-04-28
1046,Leela Chatterjee,046203859040,24252083499,Punjab National Bank,"House 576, Indira Colony, Ludhiana",Ludhiana,PMSBY Insurance,1250.43,1983-07-27,9202795798,2025-11-14
1047,Parvati Shah,329693173872,93773051343,Bank of India,"House 341, Indira Colony, Jorhat",Jorhat,PMKVY Skill Dev,19732.7,1958-06-22,9554895268,2024-07-23
1048,Prakash Das,622167887415,29008966419,Punjab National Bank,"House 532, Azad Nagar, Goalpara",Goalpara,Ayushman Bharat,15927.55,1987-09-29,9721564852,2023-11-02
1049,Savita Joshi,627685406189,15427057480,Bank of India,"House 829, New Colony, Bilaspur",Bilaspur,PMSBY Insurance,1437.26,1977-10-22,9722981916,2023-09-08
1050,Prakash Mukherjee,631533139799,51413770431,Canara Bank,"House 890, Nehru Vihar, Goalpara",Goalpara,PMSBY Insurance,1800.06,1968-04-09,9868121941,2025-02-06
1051,Vinod Jha,001931890835,43125182454,Bank of Baroda,"House 14, Nehru Vihar, Bhopal",Bhopal,PM Awas Yojana,123583.0,1971-02-15,9644974643,2023-09-22
1052,Kavita Devi,973920988628,14934343811,Bank of Baroda,"House 354, Ambedkar Nagar, Lakhimpur",Lakhimpur,MGNREGA,9738.12,1972-07-28,9311339897,2025-11-25
1053,Deepak Joshi,923613846489,08269510189,Punjab National Bank,"House 670, Nehru Vihar, Allahabad",Allahabad,PM Ujjwala,1706.04,1915-06-23,9236751483,2021-08-16
1054,Vandana Mehta,699467352511,45816304220,Canara Bank,"House 152, Rampur, Jorhat",Jorhat,PM Fasal Bima,10324.33,1956-11-20,9182140077,2024-02-09
1055,Nisha Rani,936127379172,92831873972,Punjab National Bank,"House 919, Gandhi Nagar, Dhubri",Dhubri,Ayushman Bharat,22628.87,1987-10-06,9697930522,2021-06-17
1056,Anjali Sharma,993885251474,04872286994,Punjab National Bank,"House 364, Sardar Patel Nagar, Kanpur",Kanpur,Ayushman Bharat,28014.4,1997-09-28,9539706389,2023-04-30
1057,Shanti Thakur,576804660198,06985626315,Central Bank,"House 556, Nehru Vihar, Ludhiana",Ludhiana,NSAP Pension,2606.02,1976-12-11,9134828066,2022-12-24
1058,Munni Shah,524760731092,14636003122,Punjab National Bank,"House 257, Nehru Vihar, Darbhanga",Darbhanga,MGNREGA,13498.49,1998-05-09,9639835794,2024-02-02
1059,Vijay Das,407045248354,69786666153,Union Bank,"House 594, Ambedkar Nagar, Jorhat",Jorhat,PM Fasal Bima,23554.08,1990-10-31,9079927265,2023-02-15
1060,Asha Singh,874050629848,12689928532,State Bank of India,"House 814, Gandhi Nagar, Darbhanga",Darbhanga,PMKVY Skill Dev,13782.19,1962-05-02,9486987091,2023-06-02
1061,Kiran Kewat,912922527239,50344408372,Bank of Baroda,"House 44, Krishnanagar, Kanpur",Kanpur,PMKVY Skill Dev,8610.63,1966-04-11,9993360909,2021-02-08
1062,Rajesh Nirmalkar,087241559402,44206391784,Central Bank,"House 544, Sardar Patel Nagar, Sivasagar",Sivasagar,MGNREGA,4808.8,1960-12-05,9039675591,2025-10-02
1063,Kamla Patel,533454047927,56028553361,Canara Bank,"House 43, Azad Nagar, Bilaspur",Bilaspur,PM Fasal Bima,24263.59,1989-10-05,9637718133,2025-06-08
1064,Ramesh Nath,555274255160,55902903005,Allahabad Bank,"House 973, Subhash Nagar, Gorakhpur",Gorakhpur,NSAP Pension,2062.51,1997-04-17,9509289878,2022-02-19
1065,Munni Chauhan,569660917230,60470459169,Bank of Baroda,"House 550, Bapunagar, Darbhanga",Darbhanga,NSAP Pension,2431.69,1972-11-17,9476862360,2021-12-28
1066,Vinod Naidu,302181603669,44988596809,Punjab National Bank,"House 739, Lal Bahadur Nagar, Patna",Patna,NSAP Pension,5991.6,1965-12-08,9753602802,2022-02-26
1067,Rajesh Nath,557611039246,31582530764,Bank of Baroda,"House 58, Rajiv Nagar, Gorakhpur",Gorakhpur,PMSBY Insurance,1948.3,1984-06-03,9390631202,2022-08-18
1068,Meera Yadav,766310691189,76012591276,Central Bank,"House 682, New Colony, Jodhpur",Jodhpur,PMKVY Skill Dev,16079.95,1963-05-26,9682643520,2025-08-10
1069,Pooja Kewat,060437813923,02538788785,Union Bank,"House 481, Lal Bahadur Nagar, Patna",Patna,PMSBY Insurance,1217.05,1926-04-09,9795533664,2024-04-29
1070,Sunil Iyer,331562868632,49055945447,UCO Bank,"House 625, Ambedkar Nagar, Udaipur",Udaipur,NSAP Pension,2230.89,1978-06-25,9467939433,2023-06-23
1071,Munni Mishra,288545901220,59052598022,Bank of Baroda,"House 121, Indira Colony, Gorakhpur",Gorakhpur,Ayushman Bharat,29878.15,1967-03-11,9000852876,2022-07-15
1072,Yogesh Nair,840947477085,32427625896,State Bank of India,"House 888, Subhash Nagar, Darbhanga",Darbhanga,PM Fasal Bima,15571.3,1978-11-20,9737151115,2022-07-13
1073,Savita Rani,480820810576,19657518722,Punjab National Bank,"House 129, Sardar Patel Nagar, Barpeta",Barpeta,PM Awas Yojana,147818.96,1999-12-09,9460007990,2021-09-28
1074,Sanjay Verma,621887323085,95899527967,Canara Bank,"House 206, Krishnanagar, Jorhat",Jorhat,PMSBY Insurance,1690.62,1982-12-14,9782722651,2022-12-10
1075,Anita Nath,863852216725,88383402221,Union Bank,"House 626, Subhash Nagar, Varanasi",Varanasi,PMSBY Insurance,1913.87,1992-02-16,9045272619,2021-08-02
1076,Sunita Kumar,442716477291,36628204470,Canara Bank,"House 563, Ambedkar Nagar, Raipur",Raipur,PMKVY Skill Dev,15513.72,1976-12-07,9734046540,2023-12-25
1077,Rajesh Nath,700436742709,68195227684,Bank of India,"House 43, New Colony, Jaipur",Jaipur,PM-KISAN,3296.27,1979-06-01,9902230887,2022-05-04
1078,Ganesh Mehta,844161979086,34136063984,State Bank of India,"House 954, Rajiv Nagar, Nagaon",Nagaon,PM Fasal Bima,18844.08,1982-04-17,9692888943,2025-10-21
1079,Rekha Lodhi,471072942783,19887950880,UCO Bank,"House 85, Shantinagar, Lakhimpur",Lakhimpur,Ayushman Bharat,46673.48,1974-10-19,9389705378,2021-12-24
1080,Naresh Naidu,393565181162,96441158124,Punjab National Bank,"House 805, Netaji Nagar, Jodhpur",Jodhpur,PM Ujjwala,2702.86,1965-04-30,9979286913,2023-01-27
1081,Deepak Joshi,535054324636,56018830842,Central Bank,"House 804, Lal Bahadur Nagar, Jabalpur",Jabalpur,PM Ujjwala,3092.95,1977-08-01,9678899430,2025-05-18
1082,Mahesh Nirmalkar,096477843101,96811901238,Canara Bank,"House 118, Shantinagar, Sivasagar",Sivasagar,Ayushman Bharat,42665.74,1960-10-03,9035118523,2022-10-29
1083,Asha Mehta,104713913613,79472131790,Allahabad Bank,"House 725, Krishnanagar, Nagaon",Nagaon,NSP Scholarship,8460.87,1960-10-31,9891899355,2024-08-13
1084,Mahesh Naidu,751039856329,71059894852,Central Bank,"House 914, Nehru Vihar, Raipur",Raipur,PMSBY Insurance,1223.58,1960-08-16,9753752124,2024-06-24
1085,Mukesh Kahar,590195777702,73135951443,Union Bank,"Plot No.4, Near Panchayat Office, Sonitpur",Gaya,NSP Scholarship,7109.39,1992-01-08,9249929907,2021-02-10
1086,Ramesh Lodhi,893531059124,44450194876,UCO Bank,"House 852, New Colony, Ludhiana",Ludhiana,NSP Scholarship,5511.01,1925-07-05,9432451998,2025-05-20
1087,Munni Mehta,238743016005,75412548203,Indian Bank,"House 489, Ambedkar Nagar, Amritsar",Amritsar,PMSBY Insurance,1212.06,2001-04-01,9954746984,2021-01-12
1088,Rakesh Sharma,025062489166,31401505454,Canara Bank,"House 274, Sardar Patel Nagar, Raipur",Raipur,Ayushman Bharat,41870.77,1969-06-21,9920802113,2024-07-14
1089,Rekha Tiwari,405753690254,85302863985,Bank of India,"House 627, Sardar Patel Nagar, Varanasi",Varanasi,PMSBY Insurance,1990.78,1969-11-05,9560575552,2022-06-09
1090,Kiran Pandey,903300065115,16179330531,Central Bank,"House 927, Bapunagar, Dhubri",Dhubri,PMSBY Insurance,1750.95,1988-04-25,9516123413,2022-03-03
1091,Ritu Kurmi,329951008600,89620547600,Union Bank,"House 319, Model Town, Kanpur",Kanpur,PM-KISAN,2948.99,1994-02-05,9552108843,2020-10-14
1092,Geeta Maurya,761625187458,14747450526,Central Bank,"House 701, Sardar Patel Nagar, Sonitpur",Sonitpur,PM Fasal Bima,8814.85,1990-09-23,9286815931,2023-10-08
1093,Rakesh Pillai,641091642948,01739843758,Bank of Baroda,"House 578, Nehru Vihar, Gaya",Gaya,NSP Scholarship,11708.92,1960-11-30,9016800420,2022-07-03
1094,Umesh Maurya,264223044957,15763642959,Allahabad Bank,"House 896, Rajiv Nagar, Raipur",Raipur,NSAP Pension,2223.1,1991-12-22,9477887739,2022-01-18
1095,Usha Roy,128258968892,93786580092,Bank of India,"House 935, Model Town, Gorakhpur",Gorakhpur,NSAP Pension,5696.72,2001-02-28,9716911639,2022-07-28
1096,Leela Jha,325744269470,40153898609,UCO Bank,"House 486, New Colony, Ludhiana",Ludhiana,PM-KISAN,3965.94,2000-01-09,9664411514,2025-12-07
1097,Rajan Patel,307963083706,20388336428,Bank of India,"House 838, Gandhi Nagar, Sonitpur",Sonitpur,PM Ujjwala,1793.6,1980-04-20,9264247923,2021-01-06
1098,Sunita Thakur,822163982446,91101054694,State Bank of India,"House 593, Shantinagar, Darrang",Darrang,PMSBY Insurance,1276.98,1966-12-31,9393253396,2025-03-25
1099,Mohan Shah,575280197627,69022749291,Canara Bank,"House 764, Lal Bahadur Nagar, Indore",Indore,Ayushman Bharat,20377.7,1968-02-26,9619387515,2022-08-02
1100,Rekha Ghosh,523625165311,81235465666,State Bank of India,"Plot No.5, Near Panchayat Office, Gaya",Gaya,NSP Scholarship,8145.93,1965-07-30,9509100116,2022-09-11
1101,Kavita Jha,501135660570,40999887587,Bank of India,"House 353, Model Town, Lakhimpur",Lakhimpur,PM-KISAN,2586.25,1966-08-06,9711944546,2025-01-18
1102,Vinod Kahar,754635967358,23150982361,UCO Bank,"House 666, Netaji Nagar, Kamrup",Kamrup,PMSBY Insurance,1798.88,1983-12-07,9898307007,2022-10-13
1103,Bharat Sharma,582711681973,87689029909,UCO Bank,"House 660, Netaji Nagar, Barpeta",Barpeta,PMKVY Skill Dev,9297.41,1958-02-03,9435899737,2023-08-07
1104,Mukesh Gupta,659706460343,67725798758,Punjab National Bank,"House 636, Indira Colony, Nagaon",Nagaon,PM Ujjwala,2645.14,1961-02-11,9346938492,2025-09-17
1105,Nisha Chatterjee,274360171328,98837252258,Bank of Baroda,"House 433, Indira Colony, Muzaffarpur",Muzaffarpur,PM Ujjwala,3180.71,1995-10-11,9714888581,2023-02-25
1106,Ashok Sahu,466434964603,56388885004,Indian Bank,"House 678, Rajiv Nagar, Amritsar",Amritsar,NSP Scholarship,7759.22,1978-08-08,9592091317,2024-01-08
1107,Parvati Lodhi,213851437422,66780582391,Bank of India,"House 100, Nehru Vihar, Muzaffarpur",Muzaffarpur,PMSBY Insurance,1463.78,1933-03-16,9445959337,2023-05-18
1108,Rajan Shah,506580160621,67824155960,Canara Bank,"House 800, Netaji Nagar, Sonitpur",Sonitpur,Ayushman Bharat,13300.07,1983-09-12,9948450242,2024-12-22
1109,Sanjay Iyer,950133309857,57349645738,Union Bank,"House 233, Sardar Patel Nagar, Sonitpur",Sonitpur,PM Ujjwala,2872.92,1992-08-15,9276504347,2024-09-03
1110,Deepak Nair,374986254585,71359308908,Canara Bank,"House 94, Gandhi Nagar, Kamrup",Kamrup,NSP Scholarship,4443.6,1994-04-30,9407969700,2020-12-03
1111,Rekha Jha,905679581141,43676017236,Indian Bank,"House 635, Model Town, Lucknow",Lucknow,PMKVY Skill Dev,8928.11,1964-07-23,9088270740,2024-11-08
1112,Vijay Thakur,223554157701,66905253947,Canara Bank,"House 423, Model Town, Jaipur",Jaipur,NSAP Pension,3939.4,2000-07-25,9549916646,2024-04-04
1113,Umesh Kewat,314364838608,09828714512,Indian Bank,"House 677, Sardar Patel Nagar, Ludhiana",Ludhiana,Ayushman Bharat,15314.97,1961-06-02,9717947970,2025-07-08
1114,Yogesh Thakur,509288225730,36302315978,Punjab National Bank,"House 911, Shantinagar, Jaipur",Jaipur,NSP Scholarship,10578.87,1981-03-29,9419801496,2024-12-03
1115,Rekha Roy,617908378135,35578926573,Allahabad Bank,"House 985, Azad Nagar, Ludhiana",Ludhiana,PM Awas Yojana,133609.98,1992-10-03,9441962396,2021-10-20
1116,Usha Thakur,190560114176,89834248995,Central Bank,"House 612, Subhash Nagar, Bhopal",Bhopal,PM Fasal Bima,5323.22,1976-10-28,9769949388,2021-07-16
1117,Lalita Tiwari,329138458779,61769402878,State Bank of India,"House 434, Netaji Nagar, Gorakhpur",Gorakhpur,PMSBY Insurance,1796.67,1987-06-01,9064558310,2022-01-13
1118,Sunil Pandey,565093159372,74266238093,Canara Bank,"House 709, Rajiv Nagar, Udaipur",Udaipur,NSP Scholarship,10031.88,1993-03-29,9029264969,2025-01-20
1119,Anjali Tiwari,866280312492,66579628353,State Bank of India,"House 882, Ambedkar Nagar, Muzaffarpur",Muzaffarpur,PM Fasal Bima,16456.91,1975-01-16,9377899188,2024-08-07
1120,Meera Kurmi,857547213594,49479027137,UCO Bank,"House 176, Rampur, Sonitpur",Sonitpur,PMSBY Insurance,1554.4,1927-04-17,9796583698,2025-10-13
1121,Rakesh Verma,973658650094,58230666411,Bank of India,"House 781, Rampur, Bhagalpur",Bhagalpur,PM Ujjwala,2470.24,1962-04-07,9296464882,2021-10-24
1122,Deepak Thakur,886725560130,81550816399,Bank of India,"House 851, Gandhi Nagar, Indore",Indore,PM Fasal Bima,24503.44,1988-05-11,9682761685,2022-12-17
1123,Pushpa Rajput,476934825830,09993897512,Allahabad Bank,"House 873, Gandhi Nagar, Kamrup",Kamrup,Ayushman Bharat,7025.83,1964-04-22,9811970643,2025-01-23
1124,Ramesh Thakur,363184656490,26088318923,State Bank of India,"House 517, Rampur, Sonitpur",Sonitpur,PM Ujjwala,527151.38,1986-10-02,9032812251,2024-11-27
1125,Anil Thakur,092319408071,93987695100,Central Bank,"House 364, Krishnanagar, Udaipur",Udaipur,MGNREGA,13202.72,1970-03-31,9194027740,2023-04-16
1126,Kamla Joshi,820490366929,05024888487,Canara Bank,"House 668, Netaji Nagar, Varanasi",Varanasi,PMSBY Insurance,1980.35,1984-02-27,9601100941,2024-07-20
1127,Parvati Iyer,394602609957,38002062771,State Bank of India,"House 119, Krishnanagar, Gaya",Gaya,Ayushman Bharat,20219.68,1976-10-01,9022211108,2025-07-14
1128,Pushpa Gupta,751909202106,53166123737,Punjab National Bank,"House 329, Gandhi Nagar, Bhopal",Bhopal,PMKVY Skill Dev,9692.7,1972-01-28,9520442946,2023-03-12
1129,Suresh Kahar,627206745459,47305018110,UCO Bank,"House 814, Gandhi Nagar, Goalpara",Goalpara,MGNREGA,11065.71,1963-11-12,9798841321,2024-05-30
1130,Saroj Mehta,061243450477,01680475561,Bank of India,"House 568, Indira Colony, Indore",Indore,PM Ujjwala,1862.87,2000-08-15,9175173386,2024-03-09
1131,Tulsi Das,995699164123,16008681347,Bank of India,"House 510, Gandhi Nagar, Ludhiana",Ludhiana,NSP Scholarship,6702.99,1964-02-25,9682525088,2025-11-22
1132,Ashok Gupta,947255526218,42567904735,Allahabad Bank,"House 522, Model Town, Sivasagar",Sivasagar,PMKVY Skill Dev,19725.73,1982-08-22,9422445207,2024-10-02
1133,Ganga Shah,044206780388,40974342268,Union Bank,"House 141, Rajiv Nagar, Sivasagar",Sivasagar,PM Fasal Bima,16907.18,1956-05-18,9120128266,2025-10-31
1134,Geeta Sharma,443633695022,84820088524,Bank of India,"House 64, Subhash Nagar, Dhubri",Dhubri,NSP Scholarship,5406.93,1958-01-23,9976588692,2025-10-26
1135,Mangala Joshi,151071971910,90848473325,Union Bank,"House 404, Gandhi Nagar, Darrang",Darrang,PMKVY Skill Dev,10752.06,1957-02-03,9350861330,2020-11-01
1136,Kamla Rajput,062910051063,77037649004,Indian Bank,"House 119, Shantinagar, Jorhat",Jorhat,PMKVY Skill Dev,8310.51,1986-10-16,9356942552,2025-02-19
1137,Babli Kahar,570248504811,77355537162,Union Bank,"House 714, New Colony, Muzaffarpur",Muzaffarpur,Ayushman Bharat,30928.53,1999-07-31,9428638210,2022-04-19
1138,Hitesh Rajput,992601297204,85950847411,Canara Bank,"House 634, Shantinagar, Barpeta",Barpeta,PMKVY Skill Dev,19245.37,1978-09-12,9048321346,2021-05-04
1139,Yogesh Jha,184762724584,07179156931,State Bank of India,"House 583, Indira Colony, Bhagalpur",Bhagalpur,PM Fasal Bima,15486.04,1959-08-26,9769692760,2024-10-26
1140,Ramesh Thakur,365639746996,64103896936,UCO Bank,"House 233, Nehru Vihar, Jaipur",Jaipur,PM-KISAN,4015.9,1978-02-04,9321737431,2021-04-19
1141,Kiran Kahar,907476869277,26604190838,Union Bank,"House 84, Model Town, Jodhpur",Jodhpur,MGNREGA,10800.48,1957-01-17,9747809292,2022-07-23
1142,Usha Sharma,230511057741,79677934983,Indian Bank,"House 30, Rajiv Nagar, Bhagalpur",Bhagalpur,Ayushman Bharat,32487.92,1995-11-24,9004513806,2021-07-14
1143,Sunil Joshi,236351200176,34758028696,Allahabad Bank,"House 284, Bapunagar, Bilaspur",Bilaspur,Ayushman Bharat,33033.89,1988-05-24,9795277727,2022-02-12
1144,Asha Kahar,008223933325,80760751928,UCO Bank,"House 567, Lal Bahadur Nagar, Jodhpur",Jodhpur,Ayushman Bharat,16692.68,1997-09-14,9448912918,2024-06-12
1145,Rekha Nirmalkar,913455674407,48344911607,Union Bank,"House 601, Model Town, Kanpur",Kanpur,NSAP Pension,4146.84,1982-01-29,9105833240,2024-05-27
1146,Mukesh Das,126692359981,87494333957,Indian Bank,"House 550, Shantinagar, Indore",Indore,PM Ujjwala,2874.24,2000-08-25,9077128742,2025-12-05
1147,Suman Mukherjee,858336476860,09933301381,UCO Bank,"House 187, Subhash Nagar, Bhopal",Bhopal,Ayushman Bharat,33450.41,2000-05-24,9237703738,2024-01-03
1148,Rajesh Mishra,941374458728,60278344984,Central Bank,"House 368, Rajiv Nagar, Gorakhpur",Gorakhpur,MGNREGA,8106.4,1978-06-11,9671909045,2025-02-28
1149,Asha Singh,865827534824,05557537198,UCO Bank,"House 764, New Colony, Amritsar",Amritsar,PMKVY Skill Dev,9885.97,1991-03-25,9745101988,2022-03-28
1150,Neha Maurya,739069309752,09949244155,Union Bank,"House 755, Lal Bahadur Nagar, Indore",Indore,PM Awas Yojana,124124.44,1981-12-19,9556350886,2021-01-30
1151,Rakesh Thakur,749803318849,54986278133,Bank of India,"House 83, Rajiv Nagar, Bilaspur",Bilaspur,PM-KISAN,5083.23,1994-11-06,9644981034,2021-07-22
1152,Saroj Rani,776563305779,77104832305,Indian Bank,"House 757, Indira Colony, Goalpara",Goalpara,NSAP Pension,2814.76,1991-07-25,9836665724,2025-10-31
1153,Kiran Singh,347141533821,92880430934,Indian Bank,"House 250, Bapunagar, Gorakhpur",Gorakhpur,PMKVY Skill Dev,17199.25,1977-08-14,9655597578,2021-10-25
1154,Vijay Nirmalkar,272543487906,37661983211,State Bank of India,"House 495, Krishnanagar, Varanasi",Varanasi,PMKVY Skill Dev,11802.83,1961-09-25,9763151190,2021-11-09
1155,Hitesh Kumar,663365726435,89468178388,UCO Bank,"House 589, Rajiv Nagar, Lakhimpur",Lakhimpur,PM Awas Yojana,130238.58,1976-03-14,9935032344,2020-12-09
1156,Sunita Sahu,450176823971,87750693920,Bank of India,"House 486, New Colony, Gaya",Gaya,Ayushman Bharat,48389.18,1962-05-02,9263865554,2024-09-22
1157,Parvati Mehta,288164316197,78044359088,Central Bank,"House 270, Model Town, Lucknow",Lucknow,Ayushman Bharat,44574.32,1956-05-16,9138192053,2025-08-25
1158,Dinesh Verma,252756519754,58011309277,Canara Bank,"House 151, Azad Nagar, Raipur",Raipur,PM Awas Yojana,139202.68,1962-10-19,9961708373,2025-12-17
1159,Vinod Iyer,126470650465,78692659404,Bank of Baroda,"House 356, Lal Bahadur Nagar, Jorhat",Jorhat,PMSBY Insurance,1473.92,1964-11-29,9637779619,2025-07-12
1160,Deepak Nath,102621501581,71287717537,Bank of India,"House 847, Rajiv Nagar, Darbhanga",Darbhanga,PM Fasal Bima,17389.2,1981-10-13,9709078802,2025-12-18
1161,Prakash Reddy,805200805093,33714922835,Indian Bank,"House 42, Model Town, Barpeta",Barpeta,PMSBY Insurance,1713.12,1980-11-21,9491097984,2022-09-13
1162,Mamta Naidu,809817047027,45292938799,Indian Bank,"House 520, Model Town, Jabalpur",Jabalpur,PM Awas Yojana,123735.86,1973-02-11,9126694095,2023-09-19
1163,Vandana Kurmi,280346066448,83497327288,Central Bank,"House 367, Sardar Patel Nagar, Jaipur",Jaipur,PM-KISAN,4924.72,1978-03-20,9653757313,2023-04-09
1164,Mangala Nirmalkar,715538490302,01631901958,Punjab National Bank,"House 656, Rajiv Nagar, Jabalpur",Jabalpur,NSP Scholarship,5829.54,1977-11-02,9805593758,2023-05-09
1165,Rekha Kumar,892343685339,61466728672,Allahabad Bank,"House 942, Rajiv Nagar, Dhubri",Dhubri,NSAP Pension,2670.57,1961-06-28,9232753768,2024-10-12
1166,Prakash Mehta,154257585390,80245317722,Bank of India,"House 935, Model Town, Patna",Patna,MGNREGA,14139.05,1976-08-18,9385025405,2023-12-19
1167,Saroj Sahu,811508512454,25436686729,Central Bank,"House 456, Subhash Nagar, Ludhiana",Ludhiana,PM Awas Yojana,137901.01,1996-08-28,9379742730,2024-07-09
1168,Naresh Sahu,587015077088,97545235635,Allahabad Bank,"House 771, Lal Bahadur Nagar, Sonitpur",Sonitpur,Ayushman Bharat,36728.7,1981-09-20,9136301284,2025-04-01
1169,Vijay Yadav,353910035705,78973016158,State Bank of India,"House 428, Sardar Patel Nagar, Varanasi",Varanasi,PMKVY Skill Dev,11958.93,1925-11-22,9434519851,2022-05-12
1170,Shanti Das,237053212478,56573502653,Union Bank,"House 488, Model Town, Sivasagar",Sivasagar,PM Awas Yojana,141584.68,1986-11-05,9187944727,2024-10-07
1171,Rekha Mallah,938088272901,69383155489,Punjab National Bank,"House 480, Rampur, Kamrup",Kamrup,PM Awas Yojana,127205.77,1963-02-16,9058698486,2025-02-04
1172,Devaki Maurya,933770343925,95900861050,Bank of India,"House 619, Lal Bahadur Nagar, Darrang",Darrang,Ayushman Bharat,19916.73,1992-11-10,9170504264,2024-05-31
1173,Shanti Kewat,705073770563,36246290234,State Bank of India,"House 979, New Colony, Jaipur",Jaipur,NSAP Pension,2249.6,1963-10-01,9021943494,2024-09-12
1174,Ashok Yadav,976265819417,67580230926,Canara Bank,"House 347, Model Town, Barpeta",Barpeta,NSP Scholarship,10814.07,1988-04-06,9760714631,2021-06-07
1175,Yogesh Ghosh,162985136593,00027501542,Canara Bank,"House 251, Rajiv Nagar, Darbhanga",Darbhanga,Ayushman Bharat,12068.75,1960-01-23,9421718810,2020-11-03
1176,Yogesh Ghosh,133880979794,94872878573,Central Bank,"House 623, Gandhi Nagar, Nagaon",Nagaon,PMSBY Insurance,1903.06,1995-02-16,9129382896,2021-09-14
1177,Hitesh Singh,581689400868,61998104843,Bank of Baroda,"House 829, Shantinagar, Lakhimpur",Lakhimpur,PM Fasal Bima,10525.47,1976-05-13,9559931589,2024-01-16
1178,Rajan Devi,302252387258,37198845833,UCO Bank,"House 355, Bapunagar, Udaipur",Udaipur,NSAP Pension,4611.1,1978-12-22,9844467265,2022-02-11
1179,Guddi Nair,143074310610,73170577936,Punjab National Bank,"House 329, Gandhi Nagar, Muzaffarpur",Muzaffarpur,NSAP Pension,2655.5,1997-07-28,9698871842,2024-05-17
1180,Babli Iyer,098689418376,38474177827,Union Bank,"House 857, Sardar Patel Nagar, Dhubri",Dhubri,PM Fasal Bima,10297.41,1996-10-19,9618351259,2023-08-24
1181,Ashok Roy,441290159593,23623090050,Union Bank,"House 459, New Colony, Lucknow",Lucknow,NSAP Pension,4782.7,1983-12-24,9836394315,2025-08-31
1182,Ramesh Mukherjee,358589002019,89309492761,Central Bank,"House 215, Rajiv Nagar, Ludhiana",Ludhiana,PM Ujjwala,2657.37,1956-04-17,9158207719,2021-10-26
1183,Rajan Bose,175983566010,66819081506,Bank of India,"House 906, Nehru Vihar, Bhopal",Bhopal,PM Ujjwala,2407.01,1962-09-26,9052415780,2023-06-19
1184,Leela Thakur,797965189254,94519100533,Bank of Baroda,"House 717, Krishnanagar, Darbhanga",Darbhanga,PMSBY Insurance,1619.57,1980-08-07,9838520848,2023-01-29
1185,Saroj Nirmalkar,863860555403,49881003081,Allahabad Bank,"House 891, Netaji Nagar, Jorhat",Jorhat,NSP Scholarship,10812.68,1987-05-18,9382147645,2021-10-04
1186,Parvati Nath,388858056140,40686628127,Central Bank,"House 887, Azad Nagar, Ludhiana",Ludhiana,Ayushman Bharat,42286.9,1975-01-01,9016248559,2025-09-16
1187,Vijay Pillai,885102817419,25882781271,Bank of India,"House 495, Shantinagar, Gorakhpur",Gorakhpur,PM Fasal Bima,7819.4,1993-12-22,9650866127,2021-06-01
1188,Prakash Iyer,640748163654,48326231632,Bank of Baroda,"Plot No.5, Near Panchayat Office, Gaya",Lakhimpur,MGNREGA,10117.63,1976-02-24,9229735418,2021-05-31
1189,Anita Nirmalkar,592263794097,44561039618,Canara Bank,"House 202, New Colony, Darbhanga",Darbhanga,NSP Scholarship,10881.42,1966-09-01,9372382167,2021-02-14
1190,Anita Thakur,861817764226,08695324740,State Bank of India,"House 85, Lal Bahadur Nagar, Darrang",Darrang,PMKVY Skill Dev,15693.19,1961-04-27,9054008267,2021-09-14
1191,Mukesh Roy,622466625106,78033525509,Bank of Baroda,"House 378, Krishnanagar, Sivasagar",Sivasagar,PM Ujjwala,2193.43,2000-11-26,9797362783,2024-01-03
1192,Guddi Mallah,558130896424,57534573750,State Bank of India,"House 685, Azad Nagar, Ludhiana",Ludhiana,NSAP Pension,4975.68,2000-11-25,9119060415,2025-06-25
1193,Naresh Das,075570735507,64104867122,Indian Bank,"House 255, Ambedkar Nagar, Barpeta",Barpeta,PMSBY Insurance,1429.5,1966-12-20,9014681748,2025-09-05
1194,Prakash Ghosh,327301792700,09036124828,Bank of Baroda,"House 756, Gandhi Nagar, Dhubri",Dhubri,MGNREGA,7254.62,2000-07-30,9198012576,2024-08-03
1195,Sanjay Bind,551914862851,69306333684,Canara Bank,"House 261, New Colony, Amritsar",Amritsar,PM Ujjwala,1870.81,1961-10-01,9431430839,2023-02-05
1196,Mamta Singh,372993431100,28851108668,UCO Bank,"House 790, Ambedkar Nagar, Kanpur",Kanpur,MGNREGA,4415.45,1977-08-12,9559531276,2022-03-16
1197,Rajesh Iyer,466227730718,75566374376,Bank of Baroda,"House 908, Rampur, Jabalpur",Jabalpur,Ayushman Bharat,29161.47,1962-06-01,9608014824,2025-03-27
1198,Priya Iyer,220310728213,64493523452,Punjab National Bank,"House 847, Azad Nagar, Barpeta",Barpeta,PMSBY Insurance,1343.48,1987-12-07,9870464595,2021-06-26
1199,Asha Yadav,179985981345,66800841559,Indian Bank,"House 19, Ambedkar Nagar, Kanpur",Kanpur,PMKVY Skill Dev,9924.54,1998-11-25,9319853005,2025-10-19
1200,Vijay Kurmi,503254452831,74602058327,Indian Bank,"House 735, Lal Bahadur Nagar, Dhubri",Dhubri,Ayushman Bharat,42285.74,1996-08-14,9054304963,2021-03-11
1201,Ganga Jha,727522715545,37659008372,Union Bank,"House 484, New Colony, Amritsar",Amritsar,NSAP Pension,5966.33,1987-10-09,9581416638,2021-07-05
1202,Devaki Maurya,445368180093,14565107831,Central Bank,"House 425, New Colony, Jaipur",Jaipur,NSP Scholarship,3370.58,1974-11-16,9335228878,2025-03-12
1203,Neha Rajput,216915315443,72568927204,Canara Bank,"House 613, Indira Colony, Kanpur",Kanpur,Ayushman Bharat,30936.96,1989-10-03,9390323418,2022-10-27
1204,Savita Sharma,242578392819,72571453088,Indian Bank,"House 978, Netaji Nagar, Jabalpur",Jabalpur,MGNREGA,13388.43,1956-09-22,9619199810,2024-07-16
1205,Meera Sahu,376502512825,73960677365,Allahabad Bank,"House 920, Rajiv Nagar, Jaipur",Jaipur,PM Ujjwala,2451.71,1989-08-14,9729893598,2023-08-05
1206,Ramesh Lodhi,685702322510,40602829670,Indian Bank,"House 162, New Colony, Kanpur",Kanpur,PM Fasal Bima,17240.91,1986-04-11,9303416529,2021-02-26
1207,Sanjay Kumar,711105645006,24209156722,Central Bank,"House 298, Model Town, Nagaon",Nagaon,PM Fasal Bima,21996.18,1967-10-02,9313785588,2023-08-10
1208,Anjali Mukherjee,047778659622,19660790305,Union Bank,"House 395, Rampur, Gorakhpur",Gorakhpur,PM Awas Yojana,144084.28,1989-10-12,9978232861,2022-02-28
1209,Deepak Nirmalkar,233214688197,36993563272,Bank of India,"House 347, Shantinagar, Kanpur",Kanpur,NSAP Pension,5776.81,1993-05-19,9756048063,2023-12-08
1210,Asha Nirmalkar,007727110387,91332989262,Allahabad Bank,"House 442, Nehru Vihar, Allahabad",Allahabad,PM Awas Yojana,130828.86,1978-10-06,9548764453,2025-10-09
1211,Ritu Sharma,968439642156,02679490088,State Bank of India,"House 700, New Colony, Amritsar",Amritsar,PM Awas Yojana,135965.1,1958-06-30,9681267711,2022-08-03
1212,Vijay Gupta,153462866393,46314259395,Punjab National Bank,"House 626, Indira Colony, Varanasi",Varanasi,MGNREGA,10298.77,1982-01-13,9414370353,2020-12-31
1213,Deepak Das,508651543903,79094414540,Bank of India,"House 794, Shantinagar, Gorakhpur",Gorakhpur,Ayushman Bharat,48904.37,1976-10-13,9720263030,2024-05-31
1214,Munni Jha,789270578070,81417791836,Union Bank,"House 260, Sardar Patel Nagar, Kamrup",Kamrup,PM Ujjwala,2458.43,1973-03-24,9056004109,2023-08-02
1215,Kamla Naidu,278239895997,75807376108,State Bank of India,"House 45, Sardar Patel Nagar, Sivasagar",Sivasagar,PMKVY Skill Dev,16585.9,1980-04-14,9640891432,2021-01-16
1216,Mangala Devi,387242621319,07224522392,State Bank of India,"House 240, Rajiv Nagar, Kamrup",Kamrup,Ayushman Bharat,41049.76,2000-12-29,9503062672,2021-02-04
1217,Geeta Mallah,709058065907,94711540934,Punjab National Bank,"House 531, Netaji Nagar, Amritsar",Amritsar,PMSBY Insurance,1220.2,1985-02-14,9725423794,2025-08-23
1218,Kiran Yadav,335139673277,21042728645,Bank of Baroda,"House 665, Subhash Nagar, Gaya",Gaya,PM Ujjwala,2518.38,1984-08-09,9156272781,2024-08-23
1219,Ganesh Mukherjee,819803647342,07394685633,Central Bank,"House 877, Krishnanagar, Muzaffarpur",Muzaffarpur,PM Fasal Bima,12300.48,1923-11-15,9013412820,2023-03-07
1220,Hitesh Roy,431921981162,29387525234,Canara Bank,"House 54, Azad Nagar, Barpeta",Barpeta,NSP Scholarship,5120.34,1986-04-17,9994861157,2021-12-31
1221,Deepak Gupta,931841516972,37659008372,Allahabad Bank,"House 154, Azad Nagar, Jorhat",Jorhat,NSAP Pension,3763.27,1965-06-29,9886160459,2021-04-18
1222,Lalita Sharma,364796051372,76814797672,Union Bank,"House 737, Model Town, Gaya",Gaya,PMKVY Skill Dev,16739.73,1998-02-12,9508764384,2021-11-28
1223,Rajesh Lodhi,056462362172,80835406955,Bank of India,"House 766, Bapunagar, Darbhanga",Darbhanga,PMSBY Insurance,1853.4,1991-04-15,9085255454,2020-10-25
1224,Hitesh Verma,148539192535,38007288823,Bank of India,"House 420, Subhash Nagar, Barpeta",Barpeta,PMKVY Skill Dev,16979.61,1969-04-25,9992809275,2020-12-12
1225,Suman Patel,512752506550,95202074370,Union Bank,"House 543, Bapunagar, Nagaon",Nagaon,NSAP Pension,3828.09,2000-09-08,9927409097,2023-08-06
1226,Kamla Lodhi,108801033953,06092039987,Allahabad Bank,"House 241, Gandhi Nagar, Ludhiana",Ludhiana,PM Ujjwala,2528.47,1961-02-21,9259309476,2023-09-09
1227,Bharat Sharma,995889731803,82689132069,Punjab National Bank,"House 747, Sardar Patel Nagar, Bhagalpur",Bhagalpur,MGNREGA,10937.78,1975-04-02,9033747459,2025-04-09
1228,Munni Singh,887942635440,67173912256,UCO Bank,"House 404, Netaji Nagar, Bhagalpur",Bhagalpur,NSP Scholarship,5903.47,2000-10-25,9003451998,2021-01-31
1229,Prakash Reddy,197919643494,82608198350,Allahabad Bank,"Plot No.4, Near Panchayat Office, Sonitpur",Darbhanga,PMKVY Skill Dev,8117.65,1979-07-25,9257749383,2022-08-13
1230,Rekha Rani,455758416185,95672730778,UCO Bank,"House 311, Lal Bahadur Nagar, Allahabad",Allahabad,PM-KISAN,3070.32,1970-10-30,9755326337,2023-10-27
1231,Umesh Reddy,552131088681,35372417822,Punjab National Bank,"House 293, Nehru Vihar, Darrang",Darrang,PM Fasal Bima,8634.82,1989-01-12,9904967616,2021-12-31
1232,Vinod Joshi,522906289178,06975151546,Allahabad Bank,"House 420, Lal Bahadur Nagar, Muzaffarpur",Muzaffarpur,PM Ujjwala,2749.08,1987-11-05,9107459579,2021-09-26
1233,Dinesh Kahar,888207250615,82017890781,Bank of Baroda,"House 437, Gandhi Nagar, Kamrup",Kamrup,NSAP Pension,3594.0,1987-08-29,9451487062,2022-01-18
1234,Sunita Joshi,183848770066,59483373415,Bank of Baroda,"House 243, Rajiv Nagar, Sonitpur",Sonitpur,PM Ujjwala,3056.66,1978-10-28,9528672897,2022-04-25
1235,Kavita Patel,033084019072,91983725808,Bank of Baroda,"House 631, Rajiv Nagar, Jorhat",Jorhat,PM Awas Yojana,144278.01,1980-02-25,9367096631,2023-03-02
1236,Hari Chauhan,311185624627,34176383606,State Bank of India,"House 315, Rajiv Nagar, Raipur",Raipur,PM Ujjwala,2706.52,1999-10-21,9613414405,2025-05-11
1237,Neha Pandey,348750705257,44751935024,Central Bank,"House 594, Rampur, Jorhat",Jorhat,MGNREGA,8800.14,1999-06-12,9304010408,2023-07-31
1238,Saroj Bind,196438828915,63379467757,Punjab National Bank,"House 608, Lal Bahadur Nagar, Lucknow",Lucknow,MGNREGA,10121.81,1966-12-15,9654409329,2023-09-15
1239,Rajesh Kumar,005979905870,32255253126,Canara Bank,"House 534, Model Town, Gaya",Gaya,PMSBY Insurance,1296.87,1997-01-13,9211484904,2025-11-02
1240,Lalita Verma,703341610528,66676640091,Allahabad Bank,"House 828, Shantinagar, Jaipur",Jaipur,PM Awas Yojana,125389.53,1985-11-24,9044113676,2023-08-05
1241,Meera Nirmalkar,617591503273,70086456941,Indian Bank,"House 379, Bapunagar, Indore",Indore,Ayushman Bharat,6537.28,1970-07-11,9884762522,2022-04-02
1242,Dinesh Chatterjee,112227048671,86227528325,Bank of Baroda,"House 682, Subhash Nagar, Lucknow",Lucknow,PM Fasal Bima,21802.85,1993-02-26,9616606020,2021-04-05
1243,Yogesh Ghosh,934174206272,05315424300,State Bank of India,"House 162, Shantinagar, Gorakhpur",Gorakhpur,PMSBY Insurance,1834.24,1991-01-02,9355688290,2020-12-27
1244,Shanti Nair,370405718931,95281155347,Bank of India,"House 701, Krishnanagar, Darrang",Darrang,NSP Scholarship,7928.06,1992-10-09,9446986780,2023-04-17
1245,Guddi Kumar,629660174346,02914629756,Canara Bank,"House 583, Krishnanagar, Allahabad",Allahabad,PM Awas Yojana,140705.71,1984-09-22,9417111436,2023-05-26
1246,Naresh Rani,582630317731,20799058856,Allahabad Bank,"House 866, Azad Nagar, Gaya",Gaya,PM Fasal Bima,4546.02,1966-07-13,9097220647,2025-02-04
1247,Kavita Sahu,300040291145,13123385098,Punjab National Bank,"House 480, Shantinagar, Kanpur",Kanpur,MGNREGA,4319.04,2000-02-07,9094172875,2024-03-08
1248,Anil Joshi,594909459115,69592819129,Bank of Baroda,"House 521, Model Town, Varanasi",Varanasi,PM Ujjwala,3110.31,1984-11-26,9844810186,2021-02-21
1249,Tulsi Maurya,489372558456,06856780042,Indian Bank,"House 297, Indira Colony, Jaipur",Jaipur,PM Fasal Bima,4635.22,1989-12-23,9503557385,2021-07-19
1250,Rekha Ghosh,992262513680,96017092461,Union Bank,"House 676, New Colony, Dhubri",Dhubri,PMKVY Skill Dev,9499.6,1977-08-10,9614674678,2025-12-07
1251,Parvati Jha,826798589770,39643247174,Allahabad Bank,"House 711, Gandhi Nagar, Nagaon",Nagaon,PM-KISAN,5711.06,1997-10-31,9960108047,2021-07-23
1252,Prakash Sahu,830093481126,86081851818,UCO Bank,"House 861, Netaji Nagar, Jorhat",Jorhat,Ayushman Bharat,9169.2,1973-02-08,9805875441,2021-03-16
1253,Vandana Kewat,084986205392,20322121035,State Bank of India,"House 89, Azad Nagar, Jorhat",Jorhat,NSAP Pension,5124.48,1983-03-19,9842938158,2024-10-28
1254,Geeta Iyer,245216489605,68925869827,Canara Bank,"House 673, Bapunagar, Jabalpur",Jabalpur,PM-KISAN,5332.83,1982-10-06,9321469142,2024-12-16
1255,Deepak Chauhan,827844643655,16460776681,Punjab National Bank,"House 636, Subhash Nagar, Jodhpur",Jodhpur,PM-KISAN,4150.38,1991-05-19,9247936175,2024-03-05
1256,Suresh Kewat,696584439878,14354084987,Indian Bank,"House 994, Model Town, Varanasi",Varanasi,PM-KISAN,2967.45,1989-05-05,9784150134,2025-04-18
1257,Neha Kahar,030891611033,37298775569,Punjab National Bank,"House 356, Netaji Nagar, Raipur",Raipur,PM Ujjwala,2879.91,1983-06-14,9572797073,2024-12-15
1258,Munni Ghosh,036193058880,73616439606,Canara Bank,"House 662, Krishnanagar, Darbhanga",Darbhanga,PM-KISAN,4336.71,1989-03-30,9174241772,2025-03-10
1259,Anil Roy,439814192982,69545404804,Allahabad Bank,"House 521, Rampur, Jorhat",Jorhat,PM Fasal Bima,18544.86,1958-01-08,9939514241,2023-09-04
1260,Neha Sahu,013475352177,09828714512,Union Bank,"House 485, Rampur, Jabalpur",Jabalpur,PM-KISAN,2430.83,1983-01-13,9644913270,2024-12-16
1261,Rajan Shah,823973169322,73242888133,Central Bank,"House 233, Netaji Nagar, Muzaffarpur",Muzaffarpur,PMSBY Insurance,1516.34,1994-10-03,9345957310,2025-10-02
1262,Bharat Bose,651705000597,16837354915,Union Bank,"House 484, Nehru Vihar, Barpeta",Barpeta,PMKVY Skill Dev,9351.65,1978-03-09,9003811679,2022-11-17
1263,Suresh Pandey,630816278518,11469904704,Canara Bank,"House 409, Indira Colony, Goalpara",Goalpara,NSP Scholarship,6228.57,1974-07-14,9916530437,2024-05-26
1264,Rekha Sharma,110873123651,58683071860,Canara Bank,"House 944, Rajiv Nagar, Varanasi",Varanasi,PM Fasal Bima,11623.19,1976-07-05,9565311739,2025-10-31
1265,Vinod Chauhan,528301093594,97701873539,State Bank of India,"House 896, Nehru Vihar, Kanpur",Kanpur,PM Ujjwala,1780.08,1960-05-17,9532221236,2022-12-24
1266,Devaki Kurmi,304591940576,61606699514,Punjab National Bank,"House 864, Lal Bahadur Nagar, Darrang",Darrang,PM Fasal Bima,11949.45,1988-07-12,9725268690,2022-12-09
1267,Sunil Mehta,567026656721,04474283362,Central Bank,"House 31, Krishnanagar, Dhubri",Dhubri,PM Awas Yojana,548139.82,1977-03-28,9417792416,2020-12-06
1268,Ashok Bind,079359945721,09828714512,Indian Bank,"House 907, Nehru Vihar, Ludhiana",Ludhiana,PM Fasal Bima,20538.92,1963-10-06,9261806375,2023-04-08
1269,Naresh Verma,574464681162,29006340185,Indian Bank,"House 430, Sardar Patel Nagar, Ludhiana",Ludhiana,PM Ujjwala,2625.44,1921-11-29,9620890969,2020-11-21
1270,Tulsi Nair,486414059548,35834516505,Allahabad Bank,"House 565, Subhash Nagar, Darrang",Darrang,NSP Scholarship,11458.05,1982-09-01,9059453074,2023-06-11
1271,Santosh Sharma,635281196623,11568931078,Bank of India,"House 110, Azad Nagar, Ludhiana",Ludhiana,PMKVY Skill Dev,19803.15,1966-11-14,9811378454,2022-12-21
1272,Hitesh Rajput,795779516006,18793369884,Bank of India,"House 422, Krishnanagar, Sonitpur",Sonitpur,PM Ujjwala,2099.15,1988-10-08,9570635631,2022-07-28
1273,Rakesh Reddy,866569944796,98534916498,Allahabad Bank,"House 999, Indira Colony, Gorakhpur",Gorakhpur,MGNREGA,14492.38,1974-03-09,9486638760,2024-10-03
1274,Santosh Chauhan,301867840400,55293444693,State Bank of India,"House 658, Netaji Nagar, Jaipur",Jaipur,PMSBY Insurance,1433.59,1956-12-16,9207936976,2022-10-24
1275,Babli Yadav,738696965776,64969882654,Central Bank,"House 557, Subhash Nagar, Bhagalpur",Bhagalpur,PM-KISAN,3560.25,1974-01-13,9391096690,2024-08-02
1276,Hari Naidu,481661815044,72779933652,Punjab National Bank,"House 752, Gandhi Nagar, Kanpur",Kanpur,PM Awas Yojana,127169.98,1961-04-27,9165581895,2024-02-22
1277,Kavita Kewat,863600466818,94946748189,Canara Bank,"House 592, Gandhi Nagar, Raipur",Raipur,PM Fasal Bima,24918.53,1993-05-27,9650860941,2023-09-11
1278,Munni Singh,541778212606,71333293237,State Bank of India,"House 615, Shantinagar, Lucknow",Lucknow,MGNREGA,6679.14,1966-12-12,9549276550,2021-02-17
1279,Suresh Nair,842090163491,86992218585,Central Bank,"House 827, Lal Bahadur Nagar, Sonitpur",Sonitpur,NSP Scholarship,11650.91,1971-02-21,9229051420,2023-05-19
1280,Ashok Yadav,548744538427,48583320319,UCO Bank,"House 146, Rampur, Sivasagar",Sivasagar,NSP Scholarship,4573.54,1985-08-21,9358091169,2021-07-28
1281,Kiran Pandey,000658206246,37945788749,UCO Bank,"House 672, Rampur, Indore",Indore,Ayushman Bharat,14489.28,1958-05-27,9048746569,2023-10-19
1282,Sanjay Das,902483615266,31830975280,Union Bank,"House 644, Ambedkar Nagar, Dhubri",Dhubri,PMSBY Insurance,1794.15,1925-03-22,9654345562,2024-04-29
1283,Babli Devi,503850634483,91631829064,Allahabad Bank,"House 190, Azad Nagar, Jaipur",Jaipur,Ayushman Bharat,35945.21,1958-03-21,9246501761,2025-02-07
1284,Deepak Iyer,755806821466,04600115123,Bank of India,"House 126, Netaji Nagar, Lakhimpur",Lakhimpur,PM Awas Yojana,141783.08,1967-08-16,9329339256,2024-01-17
1285,Anita Nair,587839547626,16690600020,Bank of India,"House 521, Shantinagar, Indore",Indore,PM Fasal Bima,2676.55,1964-09-09,9021928154,2023-08-03
1286,Geeta Mukherjee,833400472415,60020942620,State Bank of India,"House 785, Netaji Nagar, Gaya",Gaya,PM-KISAN,4873.8,1969-02-26,9883275885,2024-05-30
1287,Anjali Nair,290629198248,91515911751,Union Bank,"House 444, Shantinagar, Bilaspur",Bilaspur,MGNREGA,12662.33,1988-05-06,9036827676,2021-11-04
1288,Seema Naidu,539110342783,08851919920,Punjab National Bank,"House 102, New Colony, Goalpara",Goalpara,PMSBY Insurance,1421.06,1960-08-22,9075489369,2020-11-30
1289,Parvati Yadav,804080460370,42594442916,Punjab National Bank,"House 802, Krishnanagar, Udaipur",Udaipur,PMSBY Insurance,1958.55,1986-12-05,9198123409,2021-06-17
1290,Deepak Nath,462429760452,11107288921,State Bank of India,"House 374, Lal Bahadur Nagar, Jaipur",Jaipur,PM Fasal Bima,19005.47,1995-08-04,9267212379,2023-08-07
1291,Devaki Mishra,677495416852,18207538573,Union Bank,"House 74, Azad Nagar, Goalpara",Goalpara,MGNREGA,13405.15,1958-05-16,9665370088,2021-09-19
1292,Kavita Devi,568696024772,01145488506,State Bank of India,"House 717, Gandhi Nagar, Jaipur",Jaipur,PM Fasal Bima,15427.11,1962-06-15,9165570814,2024-10-06
1293,Leela Joshi,551153157100,62239943778,Punjab National Bank,"House 594, Netaji Nagar, Amritsar",Amritsar,PM-KISAN,4054.26,1957-04-28,9865009707,2023-03-26
1294,Santosh Naidu,573461810532,71903376504,Allahabad Bank,"House 159, Nehru Vihar, Lakhimpur",Lakhimpur,PMKVY Skill Dev,18447.94,1976-07-07,9315682040,2021-09-23
1295,Deepak Mehta,367676386572,22707987753,Union Bank,"House 417, New Colony, Gorakhpur",Gorakhpur,PM Ujjwala,2562.25,1963-06-02,9696960978,2021-01-23
1296,Anita Lodhi,479343070387,95985629297,Canara Bank,"House 503, Ambedkar Nagar, Bhagalpur",Bhagalpur,Ayushman Bharat,38728.89,1995-04-12,9986164510,2023-07-23
1297,Suman Kumar,311074566811,23878936664,State Bank of India,"House 19, Rampur, Nagaon",Nagaon,PM Fasal Bima,18865.89,1971-05-02,9643736896,2020-10-15
1298,Sunil Rani,861130267687,32728861233,Bank of Baroda,"Plot No.4, Near Panchayat Office, Sonitpur",Amritsar,NSAP Pension,5415.15,1963-02-14,9358581868,2020-10-15
1299,Guddi Shah,846665757862,72730478845,State Bank of India,"House 148, Bapunagar, Ludhiana",Ludhiana,NSP Scholarship,7508.08,1994-03-02, ,2022-01-07
1300,Sunita Mukherjee,306543804264,78513087358,Union Bank,"House 508, Ambedkar Nagar, Jabalpur",Jabalpur,NSP Scholarship,308613.05,1965-01-10,9410038121,2025-01-13
1301,Hari Nath,679083002328,83867419227,Central Bank,"House 777, Netaji Nagar, Amritsar",Amritsar,NSAP Pension,4520.41,1958-07-06,9605059839,2024-05-20
1302,Priya Ghosh,314514022767,72598779959,Central Bank,"House 475, Ambedkar Nagar, Udaipur",Udaipur,MGNREGA,8284.49,1987-08-02,9622639076,2021-01-11
1303,Bharat Nair,765099488429,74185349322,Punjab National Bank,"House 311, Rajiv Nagar, Raipur",Raipur,NSAP Pension,2754.4,1976-12-07,9190644146,2022-04-28
1304,Savita Mallah,358836191845,01778301622,Central Bank,"House 18, Krishnanagar, Goalpara",Goalpara,NSAP Pension,2979.44,1993-03-11,9142120600,2021-11-09
1305,Pushpa Das,381035983325,99206058701,Punjab National Bank,"House 836, Sardar Patel Nagar, Varanasi",Varanasi,PMSBY Insurance,1913.99,1957-10-27,9954261578,2024-02-23
1306,Rekha Sahu,075047073143,79318912196,Indian Bank,"House 190, Lal Bahadur Nagar, Kamrup",Kamrup,PM-KISAN,3626.61,1987-03-19,9535223906,2021-04-07
1307,Prakash Roy,481240245297,94365245380,Central Bank,"House 942, New Colony, Bhopal",Bhopal,PM Fasal Bima,12884.74,1989-08-28,9583554771,2025-10-29
1308,Nisha Jha,262427225913,73623251566,Union Bank,"House 268, Bapunagar, Bhagalpur",Bhagalpur,NSAP Pension,4107.26,1970-12-05,9166631231,2021-07-20
1309,Kiran Sahu,903510490125,77859334159,Central Bank,"House 495, Subhash Nagar, Barpeta",Barpeta,PM-KISAN,5149.15,1981-01-27,9703663007,2023-09-21
1310,Parvati Nath,995670158997,38447680050,Allahabad Bank,"House 537, Model Town, Jorhat",Jorhat,PM Ujjwala,2764.07,1978-12-14,9395677908,2022-02-15
1311,Ramesh Rani,275374046813,27567226400,Punjab National Bank,"House 160, Shantinagar, Allahabad",Allahabad,MGNREGA,9196.38,1958-10-26,9934171340,2025-11-06
1312,Suresh Pandey,053922989590,93957041946,Bank of India,"House 209, Gandhi Nagar, Varanasi",Varanasi,Ayushman Bharat,20508.28,1961-04-28,9800827070,2022-04-10
1313,Santosh Kumar,449850337330,09250374612,Indian Bank,"House 289, Sardar Patel Nagar, Bhagalpur",Bhagalpur,PM Awas Yojana,133899.53,1927-07-24,9319691792,2025-01-25
1314,Rekha Shah,690193138032,49393349258,Indian Bank,"House 680, Lal Bahadur Nagar, Kanpur",Kanpur,PM Fasal Bima,23093.0,1959-02-15,9476170394,2024-01-07
1315,Naresh Chauhan,042502200640,50330660536,Bank of Baroda,"House 669, Rampur, Jaipur",Jaipur,PMSBY Insurance,1800.64,1973-11-06,9619336476,2023-12-06
1316,Seema Iyer,121113427182,03785557982,Bank of India,"House 929, Azad Nagar, Kanpur",Kanpur,PM Awas Yojana,146707.66,1956-04-26,9753889207,2022-12-29
1317,Usha Verma,464151782175,92426264205,UCO Bank,"House 701, Azad Nagar, Allahabad",Allahabad,PM-KISAN,4465.18,1931-06-11,9794311920,2025-05-21
1318,Vijay Nath,659220151681,32404908287,Indian Bank,"House 32, Indira Colony, Allahabad",Allahabad,Ayushman Bharat,35457.01,1983-12-05,9959114900,2022-05-31
1319,Mukesh Joshi,921504521254,25830605093,Indian Bank,"House 100, Subhash Nagar, Jaipur",Jaipur,PM Fasal Bima,14015.66,1982-06-01,9508872634,2021-02-14
1320,Vinod Jha,218450350859,50850264224,Canara Bank,"House 477, Rampur, Bhopal",Bhopal,NSP Scholarship,8925.53,1971-07-26,9000759765,2023-02-20
1321,Anjali Reddy,465402405894,49129750493,Central Bank,"House 724, Netaji Nagar, Amritsar",Amritsar,PM-KISAN,4389.33,1962-06-02,9479354559,2025-04-26
1322,Vandana Patel,621179955776,15390633506,Union Bank,"House 440, Lal Bahadur Nagar, Dhubri",Dhubri,PM-KISAN,5376.79,1974-06-27,9164707081,2024-02-09
1323,Lalita Lodhi,461397258947,19029013587,Central Bank,"House 223, Subhash Nagar, Allahabad",Allahabad,MGNREGA,11441.77,1985-06-25,9379547109,2025-09-13
1324,Pushpa Iyer,122296575428,21779082684,Bank of Baroda,"House 12, Nehru Vihar, Jodhpur",Jodhpur,PM-KISAN,5370.68,1974-12-23,9749823257,2021-02-02
1325,Pooja Shah,434574413508,78589099623,Bank of Baroda,"House 189, Gandhi Nagar, Darbhanga",Darbhanga,NSAP Pension,5031.68,1970-06-14,9469714914,2023-05-19
1326,Mukesh Reddy,694385278665,27510633742,State Bank of India,"House 268, Azad Nagar, Patna",Patna,PM Ujjwala,3179.42,1958-05-03,9354780444,2021-01-17
1327,Savita Mehta,911507707412,02199063377,UCO Bank,"House 751, New Colony, Barpeta",Barpeta,PMKVY Skill Dev,14422.93,1978-01-20,9341564939,2024-03-16
1328,Rekha Sahu,166431941799,40512569703,Bank of Baroda,"House 580, Bapunagar, Bhopal",Bhopal,PM Ujjwala,2001.55,1970-06-17,9804105960,2024-08-21
1329,Tulsi Rajput,836109482773,98235220412,UCO Bank,"House 850, Ambedkar Nagar, Jodhpur",Jodhpur,PMKVY Skill Dev,8308.52,1982-10-17,9225390638,2022-02-14
1330,Suman Gupta,604074506612,42850502779,Bank of Baroda,"House 133, Rajiv Nagar, Darrang",Darrang,PMKVY Skill Dev,13598.55,1993-09-08,9212840206,2022-07-16
1331,Anita Bose,888518515004,08177170642,Allahabad Bank,"House 632, Subhash Nagar, Sivasagar",Sivasagar,Ayushman Bharat,26171.42,1964-01-19,9412850611,2021-05-22
1332,Leela Rani,795646975641,37659008372,Allahabad Bank,"House 331, Indira Colony, Bhagalpur",Bhagalpur,PM Fasal Bima,5919.71,1971-01-28,9413657057,2025-07-12
1333,Santosh Rajput,075047073143,71852283427,Allahabad Bank,"House 829, Netaji Nagar, Ludhiana",Ludhiana,PM-KISAN,4945.52,1989-01-29,9633511592,2025-11-10
1334,Vinod Thakur,163260862386,88297197941,Allahabad Bank,"House 142, Shantinagar, Raipur",Raipur,PMSBY Insurance,1695.51,1966-04-27,9854149137,2024-07-23
1335,Anjali Jha,731857594547,13552659777,Punjab National Bank,"House 694, Gandhi Nagar, Goalpara",Goalpara,PM Awas Yojana,141631.91,1960-07-11,9885079207,2025-02-05
1336,Santosh Joshi,436498614537,16514894176,Punjab National Bank,"House 916, Bapunagar, Kanpur",Kanpur,PMSBY Insurance,1854.7,1963-10-13,9001261191,2024-02-04
1337,Vandana Sharma,718345544806,61143071795,UCO Bank,"House 425, Rampur, Bhopal",Bhopal,PM Awas Yojana,140120.39,1987-11-03,9440273739,2023-03-10
1338,Vijay Sahu,468691966609,65128351098,Union Bank,"Plot No.4, Near Panchayat Office, Sonitpur",Ludhiana,PM-KISAN,5984.97,1986-01-17,9167175794,2021-08-15
1339,Ganesh Mehta,550312505617,89263892549,Bank of Baroda,"House 207, Indira Colony, Bilaspur",Bilaspur,PM Fasal Bima,2006.16,1994-10-24,9763602239,2022-10-10
1340,Mamta Nath,188551707679,21758618957,Union Bank,"Plot No.2, Near Panchayat Office, Jorhat",Gaya,PMSBY Insurance,1806.2,1978-12-23,9824505708,2024-05-13
1341,Ganesh Maurya,862223355804,57644364709,Bank of Baroda,"House 797, Lal Bahadur Nagar, Nagaon",Nagaon,NSP Scholarship,3182.32,1977-07-19,9040476318,2022-12-22
1342,Ganesh Kahar,257744734759,16259266564,State Bank of India,"House 168, New Colony, Bilaspur",Bilaspur,PM-KISAN,4207.28,1983-12-26,9074325204,2022-10-27
1343,Vijay Nath,769703719807,87494333957,Bank of Baroda,"House 423, Shantinagar, Sivasagar",Sivasagar,Ayushman Bharat,21156.65,1988-11-10,9533886385,2023-04-23
1344,Suman Naidu,570020641075,30752109385,Union Bank,"House 279, Azad Nagar, Indore",Indore,MGNREGA,13574.33,1993-01-06,9944946540,2023-10-29
1345,Geeta Sahu,911915926759,32951899395,Indian Bank,"House 381, Krishnanagar, Kanpur",Kanpur,PMSBY Insurance,1620.62,1983-12-28,9124857100,2023-10-02
1346,Guddi Joshi,185325715346,49976162666,Union Bank,"House 673, Netaji Nagar, Lakhimpur",Lakhimpur,NSP Scholarship,4578.15,1978-02-21,9947288489,2022-01-16
1347,Usha Mehta,223070722403,00840143160,Canara Bank,"House 529, Lal Bahadur Nagar, Sonitpur",Sonitpur,PM Fasal Bima,12872.55,1985-01-05,9741996109,2021-07-25
1348,Sanjay Tiwari,727390066999,27469365421,Indian Bank,"House 89, Sardar Patel Nagar, Varanasi",Varanasi,PM-KISAN,4989.82,1989-07-06,9473038079,2023-02-07
1349,Ritu Chauhan,247367140687,61284695668,Bank of India,"House 330, Subhash Nagar, Barpeta",Barpeta,PM Ujjwala,2349.24,2001-03-20,9449695152,2024-08-13
1350,Kiran Mishra,781799208263,34220445736,Indian Bank,"House 581, Indira Colony, Bilaspur",Bilaspur,PM Ujjwala,1754.03,1956-06-07,9053250026,2023-02-03
1351,Devaki Roy,262931489175,24889422774,Central Bank,"House 890, Sardar Patel Nagar, Gorakhpur",Gorakhpur,Ayushman Bharat,23020.27,1981-05-20,9332618055,2025-03-01
1352,Nisha Chatterjee,290069143490,55537216711,Canara Bank,"House 496, Sardar Patel Nagar, Varanasi",Varanasi,PMSBY Insurance,1388.62,1987-04-25,9727416969,2020-12-26
1353,Suresh Gupta,439772326316,14636003122,Bank of India,"House 540, Indira Colony, Jorhat",Jorhat,PM-KISAN,2975.56,2001-04-04,9133965227,2024-09-23
1354,Guddi Kumar,535635673997,14034952772,Indian Bank,"House 905, Netaji Nagar, Sonitpur",Sonitpur,MGNREGA,4083.91,1992-04-05,9921154201,2024-09-29
1355,Meera Reddy,364342336276,49673474713,Allahabad Bank,"House 400, Lal Bahadur Nagar, Sivasagar",Sivasagar,PMSBY Insurance,1762.87,1958-02-26,9014619624,2025-02-27
1356,Mangala Bind,896697266985,11371698607,Punjab National Bank,"House 78, Krishnanagar, Darbhanga",Darbhanga,PMKVY Skill Dev,18556.59,1966-02-23,9259203779,2024-08-19
1357,Seema Sharma,981856127264,60278344984,Indian Bank,"House 251, Sardar Patel Nagar, Raipur",Raipur,NSP Scholarship,4589.02,1995-08-01,9140912293,2022-04-22
1358,Hari Nair,683969835709,14636003122,State Bank of India,"House 763, Nehru Vihar, Amritsar",Amritsar,PM Awas Yojana,139109.71,1993-03-28,9409486637,2021-12-10
1359,Kamla Rani,075047073143,28959404868,Indian Bank,"House 826, Indira Colony, Darbhanga",Darbhanga,PMSBY Insurance,1955.76,1996-04-30,9880576899,2021-08-14
1360,Mukesh Pandey,229546362867,04911381392,Allahabad Bank,"House 24, Rampur, Allahabad",Allahabad,NSP Scholarship,8071.86,1972-06-12,9076053176,2022-03-01
1361,Nisha Patel,258754502994,83242452149,State Bank of India,"House 13, Rampur, Patna",Patna,PM Ujjwala,2442.74,1980-03-21,9379879210,2023-07-17
1362,Anil Mehta,268575803316,11111111111,Canara Bank,"House 653, Ambedkar Nagar, Bhopal",Bhopal,Ayushman Bharat,13045.37,1930-01-18, ,2022-09-19
1363,Bharat Singh,286722925443,09287485482,Central Bank,"House 925, Subhash Nagar, Sonitpur",Sonitpur,PM Awas Yojana,145916.84,2000-02-08,9016505342,2024-11-04
1364,Rajan Chauhan,989370491715,41761405650,Union Bank,"Plot No.4, Near Panchayat Office, Sonitpur",Bhagalpur,PM Awas Yojana,137909.31,1998-08-20,9034744282,2023-05-03
1365,Vijay Ghosh,109886577293,89259968217,Union Bank,"House 108, Lal Bahadur Nagar, Darrang",Darrang,MGNREGA,13447.2,1991-04-02,9009703719,2023-08-15
1366,Suresh Tiwari,415170599789,35551177472,Union Bank,"House 654, Model Town, Indore",Indore,NSAP Pension,2841.58,1970-04-02,9569635894,2021-02-25
1367,Mukesh Roy,368137813891,07597411527,UCO Bank,"House 338, Azad Nagar, Darbhanga",Darbhanga,PMSBY Insurance,1203.61,1982-11-21,9929362456,2025-03-26
1368,Anil Lodhi,518812183033,35452480972,Bank of Baroda,"House 568, Ambedkar Nagar, Darrang",Darrang,MGNREGA,8199.51,1998-10-12,9800361931,2024-08-07
1369,Hari Sahu,040184026516,65904991719,Union Bank,"House 952, Rajiv Nagar, Goalpara",Goalpara,PMSBY Insurance,1463.75,1965-06-02,9244999007,2024-09-08
1370,Anjali Naidu,153312222330,75723470094,Indian Bank,"House 233, Nehru Vihar, Nagaon",Nagaon,PMKVY Skill Dev,8546.97,1975-01-22,9721384823,2025-10-04
1371,Neha Pandey,722854110957,86462278493,Canara Bank,"House 563, Ambedkar Nagar, Sivasagar",Sivasagar,Ayushman Bharat,25247.17,1971-02-16,9592777310,2025-11-23
1372,Rajan Rajput,409345721367,66250510395,Canara Bank,"House 726, Shantinagar, Gaya",Gaya,PMKVY Skill Dev,16825.18,1997-12-13,9382683364,2022-10-06
1373,Pushpa Verma,159313202820,85938923438,Canara Bank,"House 620, Indira Colony, Jaipur",Jaipur,Ayushman Bharat,8767.58,1980-10-11,9990200198,2024-07-30
1374,Babli Chatterjee,328822937110,80707437906,Punjab National Bank,"House 832, Subhash Nagar, Jodhpur",Jodhpur,PMSBY Insurance,1429.87,1997-01-09,9406197492,2023-10-19
1375,Mamta Gupta,028158353742,68229333537,Allahabad Bank,"House 952, Nehru Vihar, Sivasagar",Sivasagar,PMKVY Skill Dev,8465.12,1982-04-07,9641427997,2025-11-17
1376,Sunita Kurmi,949587224355,17612806254,Bank of Baroda,"House 538, Rampur, Goalpara",Goalpara,NSAP Pension,5416.34,1976-11-22,9006903646,2021-08-04
1377,Suresh Kumar,582564588247,87019200111,State Bank of India,"House 723, Indira Colony, Muzaffarpur",Muzaffarpur,PM Ujjwala,1780.51,1970-09-05,9733589684,2022-04-29
1378,Asha Rajput,822961265217,22374172342,Canara Bank,"House 277, Gandhi Nagar, Allahabad",Allahabad,NSAP Pension,5077.4,1972-09-26,9265146900,2022-01-23
1379,Vijay Maurya,613791656448,00581229328,UCO Bank,"House 679, Netaji Nagar, Varanasi",Varanasi,NSP Scholarship,5604.49,1982-01-19,9513072991,2020-11-16
1380,Meera Singh,616112309549,26400963165,Central Bank,"House 324, Ambedkar Nagar, Dhubri",Dhubri,NSP Scholarship,6266.88,1971-11-18,9238458769,2022-12-26
1381,Pushpa Nair,636607545478,02249094998,Bank of Baroda,"House 295, Azad Nagar, Raipur",Raipur,NSP Scholarship,7188.65,1988-03-24,9465713849,2022-07-21
1382,Mohan Lodhi,407852760032,18364293262,Allahabad Bank,"House 620, Shantinagar, Lucknow",Lucknow,PM Awas Yojana,137596.15,1982-04-21,9134141931,2021-04-21
1383,Rajesh Sahu,415464233232,67788141840,State Bank of India,"House 38, Netaji Nagar, Bhopal",Bhopal,PM-KISAN,3681.98,1995-09-20,9007291466,2023-04-08
1384,Mamta Nair,141449690469,05922776574,Allahabad Bank,"House 533, Sardar Patel Nagar, Sonitpur",Sonitpur,PM Fasal Bima,6731.28,1974-10-04,9876861484,2023-06-06
1385,Leela Singh,861912065991,11950403390,Union Bank,"House 291, Sardar Patel Nagar, Muzaffarpur",Muzaffarpur,NSP Scholarship,7234.0,1997-04-04,9083942007,2022-04-23
1386,Vijay Kahar,593511003592,40442108227,UCO Bank,"House 513, Azad Nagar, Barpeta",Barpeta,Ayushman Bharat,16240.25,1973-06-15,9541188818,2023-03-09
1387,Mamta Maurya,632260249749,63200557943,Union Bank,"House 657, Netaji Nagar, Varanasi",Varanasi,MGNREGA,10553.61,1982-07-05,9992914860,2024-01-22
1388,Vijay Kurmi,228471531157,71945443304,Union Bank,"House 72, Azad Nagar, Sivasagar",Sivasagar,NSP Scholarship,7242.22,1988-10-19,9345474286,2024-08-10
1389,Savita Mallah,868081737776,26781469149,Bank of India,"House 699, Gandhi Nagar, Dhubri",Dhubri,MGNREGA,9846.31,1960-08-31,9881951196,2025-04-20
1390,Ashok Ghosh,813925832330,27236050426,State Bank of India,"House 167, Subhash Nagar, Bhagalpur",Bhagalpur,MGNREGA,14104.58,1972-06-19,9357753574,2021-12-14
1391,Mamta Yadav,224003012428,89107954310,Canara Bank,"House 412, Model Town, Jodhpur",Jodhpur,PM-KISAN,3368.93,1997-08-12,9656635739,2023-05-06
1392,Mamta Shah,703094199064,55795997974,Bank of Baroda,"Plot No.4, Near Panchayat Office, Sonitpur",Amritsar,MGNREGA,3471.47,1961-11-07,9612776018,2022-11-19
1393,Pooja Joshi,849284065446,35752229882,Canara Bank,"House 84, Lal Bahadur Nagar, Ludhiana",Ludhiana,PM Fasal Bima,17345.61,1990-04-23,9157663173,2021-04-05
1394,Guddi Lodhi,991225756929,51332705969,Central Bank,"House 172, Netaji Nagar, Jorhat",Jorhat,NSAP Pension,5716.89,1982-01-13,9321445935,2025-04-09
1395,Usha Lodhi,480672063762,94655914970,Canara Bank,"House 638, Ambedkar Nagar, Varanasi",Varanasi,PM-KISAN,4002.9,1927-01-25,9369353271,2025-11-10
1396,Rajesh Pillai,852641231029,09524352792,Union Bank,"House 555, Subhash Nagar, Jabalpur",Jabalpur,PMKVY Skill Dev,14005.66,1968-01-08,9181189471,2023-10-07
1397,Deepak Kumar,788531346012,81685741347,Punjab National Bank,"House 27, Krishnanagar, Lucknow",Lucknow,Ayushman Bharat,35019.44,1986-05-04,9041661028,2025-08-13
1398,Asha Ghosh,697187632374,66154470263,Bank of Baroda,"House 452, Rampur, Bhopal",Bhopal,PM-KISAN,3911.75,1989-07-10,9619365092,2025-08-25
1399,Seema Tiwari,732850601576,33870129768,Canara Bank,"House 683, Sardar Patel Nagar, Barpeta",Barpeta,NSAP Pension,3456.6,1996-09-18,9173701351,2022-10-19
1400,Mangala Devi,699174357911,46959261130,Union Bank,"House 671, Model Town, Sivasagar",Sivasagar,PM Fasal Bima,20452.23,1997-07-12,9564336918,2022-07-23
1401,Anita Joshi,429581453395,30971779292,Bank of India,"House 807, Azad Nagar, Jorhat",Jorhat,PM Ujjwala,1872.41,1977-04-20,9740702389,2021-06-28
1402,Anjali Mehta,467980733283,27278681509,Indian Bank,"House 134, Subhash Nagar, Patna",Patna,PM-KISAN,2342.21,1980-06-22,9075710324,2024-07-21
1403,Suman Roy,725249272805,58563072153,Allahabad Bank,"House 883, Netaji Nagar, Darbhanga",Darbhanga,PM Ujjwala,1665.43,1996-10-24,9743438860,2025-06-08
1404,Rakesh Joshi,107621422523,69085101938,Canara Bank,"House 597, Azad Nagar, Lucknow",Lucknow,PM Ujjwala,2400.42,1964-07-19, ,2023-10-27
1405,Hari Naidu,188593063716,09164050597,Bank of Baroda,"House 85, Shantinagar, Jabalpur",Jabalpur,PM Ujjwala,1631.25,1969-03-12,9360903856,2025-08-11
1406,Dinesh Chauhan,919829925148,80773178643,Central Bank,"House 634, Netaji Nagar, Indore",Indore,NSAP Pension,5487.78,1973-10-10,9808754751,2025-10-20
1407,Ganesh Rajput,080127384620,35453815094,Allahabad Bank,"House 320, Azad Nagar, Gaya",Gaya,PM Fasal Bima,7240.65,1989-10-17,9489387492,2025-01-18
1408,Hari Jha,977745500556,19685430627,UCO Bank,"House 176, Gandhi Nagar, Patna",Patna,Ayushman Bharat,43140.43,1995-05-10,9658261538,2023-04-03
1409,Lalita Das,042440984351,25624843700,Allahabad Bank,"House 238, Nehru Vihar, Darrang",Darrang,PM-KISAN,4433.07,1967-03-16,9055638210,2025-10-21
1410,Nisha Kahar,834058351679,19357566359,Bank of India,"House 904, New Colony, Raipur",Raipur,PM Ujjwala,2637.99,1998-05-31,9170764805,2023-11-24
1411,Rekha Mehta,550466575627,48936322798,Canara Bank,"House 889, Ambedkar Nagar, Muzaffarpur",Muzaffarpur,NSP Scholarship,5309.01,1990-11-28,9687703018,2025-03-15
1412,Meera Kahar,364837840045,55825950715,State Bank of India,"House 495, Subhash Nagar, Jaipur",Jaipur,PM Ujjwala,3054.08,1978-03-28,9638318290,2021-02-12
1413,Kavita Sharma,434767891769,27735249445,Canara Bank,"House 530, Subhash Nagar, Allahabad",Allahabad,PM-KISAN,5095.71,1966-02-11,9214904435,2023-03-06
1414,Munni Das,262211683572,11744566854,State Bank of India,"House 432, Ambedkar Nagar, Ludhiana",Ludhiana,PMKVY Skill Dev,16405.42,1960-03-13, ,2022-08-15
1415,Naresh Sahu,093540331349,27014656413,Bank of Baroda,"House 60, Nehru Vihar, Amritsar",Amritsar,PM Ujjwala,2015.55,1997-11-27,9069435201,2021-11-30
1416,Vijay Yadav,431941551252,69997410308,Canara Bank,"House 746, Subhash Nagar, Udaipur",Udaipur,PMKVY Skill Dev,15880.58,1994-03-29,9421701084,2021-09-25
1417,Vijay Shah,594600336664,14119804762,UCO Bank,"House 199, Model Town, Gaya",Gaya,PM Fasal Bima,21215.71,1987-11-25,9556627833,2021-02-10
1418,Kiran Tiwari,243784415344,88031978586,Union Bank,"House 142, Shantinagar, Ludhiana",Ludhiana,PMSBY Insurance,1604.89,1970-05-11,9632041135,2025-03-26
1419,Priya Chauhan,901136364558,14325285205,UCO Bank,"House 112, Model Town, Jorhat",Jorhat,NSAP Pension,2818.96,1958-03-21,9794730333,2024-03-05
1420,Anil Naidu,382761883271,09095969001,State Bank of India,"House 681, New Colony, Indore",Indore,NSAP Pension,3432.37,1994-11-16,9239485604,2024-05-02
1421,Priya Devi,392459580779,61995082321,State Bank of India,"House 970, Rampur, Barpeta",Barpeta,NSP Scholarship,9589.21,1975-01-25,9527496362,2025-05-03
1422,Hari Mallah,095639205139,15780635969,State Bank of India,"House 143, Sardar Patel Nagar, Dhubri",Dhubri,PM Ujjwala,1668.24,1991-09-09,9159218320,2024-12-20
1423,Bharat Maurya,061365853128,28528790429,Canara Bank,"House 211, Rajiv Nagar, Nagaon",Nagaon,MGNREGA,10698.99,1918-01-29,9830530838,2024-03-26
1424,Kiran Ghosh,779673907510,48231358367,Bank of India,"House 467, Ambedkar Nagar, Gorakhpur",Gorakhpur,PM Ujjwala,2562.07,1964-04-14,9382734440,2023-01-20
1425,Meera Roy,811461313363,19372968457,Indian Bank,"House 33, Subhash Nagar, Ludhiana",Ludhiana,PM Fasal Bima,10640.83,1985-10-12,9471616405,2022-01-29
1426,Meera Sharma,626917624727,09828714512,UCO Bank,"House 901, Gandhi Nagar, Jodhpur",Jodhpur,NSAP Pension,2204.04,1998-09-18,9447221209,2024-08-18
1427,Naresh Ghosh,834776620199,13271512938,Punjab National Bank,"House 713, Bapunagar, Darrang",Darrang,NSAP Pension,2198.76,1973-11-05,9925893727,2024-05-26
1428,Asha Ghosh,677696077584,42714690439,Canara Bank,"House 250, Gandhi Nagar, Jabalpur",Jabalpur,PM Awas Yojana,142643.33,1981-03-19,9104319432,2022-05-08
1429,Kiran Tiwari,590779827110,64217635502,UCO Bank,"House 255, Subhash Nagar, Barpeta",Barpeta,PM-KISAN,5125.94,1996-02-16,9981895990,2020-10-08
1430,Suman Pandey,555810318092,65701054317,Bank of India,"House 265, Indira Colony, Barpeta",Barpeta,MGNREGA,8673.41,2000-02-08,9450026552,2023-05-09
1431,Sanjay Thakur,005665757132,60278344984,Canara Bank,"House 237, Bapunagar, Darrang",Darrang,PMSBY Insurance,1636.67,1987-03-01,9515137367,2021-04-02
1432,Vinod Pandey,623840175592,28194928115,Bank of Baroda,"House 28, Azad Nagar, Darbhanga",Darbhanga,PM Ujjwala,1779.93,1983-12-06,9461152583,2021-05-09
1433,Devaki Gupta,205673434153,36471764184,Allahabad Bank,"House 808, Sardar Patel Nagar, Jodhpur",Jodhpur,NSP Scholarship,7799.2,1978-03-21,9646924699,2022-03-25
1434,Anil Jha,523691826275,90499277911,Indian Bank,"House 178, Indira Colony, Jabalpur",Jabalpur,PM-KISAN,5693.77,1968-03-28,9052541969,2021-12-21
1435,Usha Das,239003719049,03692915813,Indian Bank,"House 440, Gandhi Nagar, Darbhanga",Darbhanga,PMSBY Insurance,1408.82,1916-01-15,9578333122,2025-01-17
1436,Sunil Kumar,361401760948,20913118209,Allahabad Bank,"House 883, Indira Colony, Gaya",Gaya,Ayushman Bharat,23367.24,1980-04-03,9007133654,2025-09-19
1437,Vandana Kewat,574218239079,68229333537,Punjab National Bank,"House 754, Gandhi Nagar, Dhubri",Dhubri,PM Awas Yojana,140713.48,1988-01-10,9807657144,2024-08-04
1438,Babli Rani,833566965758,79557587038,Bank of India,"House 123, Netaji Nagar, Darbhanga",Darbhanga,PM Ujjwala,2324.34,1979-06-06,9090867141,2024-04-24
1439,Suresh Yadav,729022933138,90381403585,Central Bank,"House 273, Azad Nagar, Sonitpur",Sonitpur,PM Awas Yojana,148930.57,1993-12-29,9456692535,2021-08-11
1440,Kamla Rajput,092083871676,57230720485,Allahabad Bank,"House 712, Rampur, Sonitpur",Sonitpur,NSP Scholarship,8726.05,1962-12-02,9181050262,2025-10-25
1441,Guddi Lodhi,013453437654,38274663998,Indian Bank,"House 54, Lal Bahadur Nagar, Gorakhpur",Gorakhpur,PMSBY Insurance,1873.68,1988-08-30,9263982381,2023-08-29
1442,Geeta Mukherjee,591400300083,74782095045,Allahabad Bank,"House 934, Ambedkar Nagar, Jorhat",Jorhat,PMKVY Skill Dev,10662.09,1992-05-31,9469291020,2025-09-12
1443,Parvati Naidu,058884003757,15426919022,UCO Bank,"House 577, Nehru Vihar, Barpeta",Barpeta,PM Ujjwala,2057.41,1989-05-22,9970821302,2025-11-01
1444,Munni Mishra,173352901768,53007600878,Central Bank,"House 354, Nehru Vihar, Allahabad",Allahabad,NSP Scholarship,11518.57,1990-12-24,9863915849,2024-09-09
1445,Prakash Sharma,775980268704,84499328012,State Bank of India,"House 205, Indira Colony, Allahabad",Allahabad,PM Fasal Bima,12945.42,1985-09-29,9800059469,2022-05-30
1446,Savita Joshi,421845501112,22400263814,Indian Bank,"House 815, Azad Nagar, Bhagalpur",Bhagalpur,NSP Scholarship,11476.51,1960-10-27,9431067167,2025-03-23
1447,Priya Roy,920126801625,66239429908,Canara Bank,"House 44, Shantinagar, Nagaon",Nagaon,PM Ujjwala,1709.41,1957-12-04,9950777261,2023-09-16
1448,Prakash Gupta,048482345175,14677237403,Central Bank,"House 261, Azad Nagar, Gorakhpur",Gorakhpur,MGNREGA,4749.78,1957-05-31,9828424146,2023-08-18
1449,Mamta Reddy,339223288664,29599970761,Canara Bank,"House 837, Shantinagar, Gorakhpur",Gorakhpur,Ayushman Bharat,30283.11,1970-12-15,9199766224,2024-03-26
1450,Mukesh Maurya,766641000478,17782079649,Indian Bank,"House 49, New Colony, Ludhiana",Ludhiana,PM Awas Yojana,131892.22,1969-03-31,9152470220,2022-12-04
1451,Suresh Kahar,412089285723,61845117467,UCO Bank,"House 483, Krishnanagar, Darbhanga",Darbhanga,PM-KISAN,5846.93,1984-02-27,9175657456,2023-05-22
1452,Ritu Mallah,634794086914,18802590569,Punjab National Bank,"House 117, Shantinagar, Allahabad",Allahabad,NSP Scholarship,9406.28,1995-04-29,9688292101,2022-08-31
1453,Savita Jha,002747010363,66289616254,Union Bank,"Plot No.2, Near Panchayat Office, Jorhat",Darrang,MGNREGA,4578.03,1997-12-28,9008370827,2022-02-23
1454,Rekha Sahu,159008451673,18757872861,Indian Bank,"House 879, Bapunagar, Amritsar",Amritsar,PMKVY Skill Dev,15577.26,1983-12-29,9091372237,2021-10-07
1455,Usha Jha,006427492960,75833301113,Indian Bank,"House 984, Netaji Nagar, Varanasi",Varanasi,PM-KISAN,4120.49,1983-07-18,9728774728,2021-10-15
1456,Anil Mallah,347013479113,96962628234,Bank of Baroda,"House 143, Rampur, Goalpara",Goalpara,Ayushman Bharat,20611.84,1973-02-01,9884651184,2024-03-25
1457,Devaki Ghosh,097786007786,21516636640,Bank of India,"House 421, New Colony, Jorhat",Jorhat,PMSBY Insurance,1520.84,1961-07-02,9896052066,2024-05-12
1458,Anjali Bind,455990130633,09043280362,State Bank of India,"Plot No.4, Near Panchayat Office, Sonitpur",Jodhpur,PM Fasal Bima,19379.06,1983-04-21,9095084121,2025-03-26
1459,Vijay Lodhi,024556993498,60624126705,Canara Bank,"House 251, Rajiv Nagar, Nagaon",Nagaon,NSAP Pension,5940.3,1972-11-08,9470364723,2024-08-13
1460,Rajan Maurya,130910840081,59815701208,UCO Bank,"House 285, Model Town, Muzaffarpur",Muzaffarpur,MGNREGA,7670.28,1980-08-26,9086249979,2022-12-11
1461,Ganesh Maurya,107027514346,51161238921,State Bank of India,"House 67, Rajiv Nagar, Gaya",Gaya,PM Awas Yojana,144796.77,1962-12-13,9756274713,2025-03-18
1462,Ganesh Bind,309664407592,42184632158,Union Bank,"House 4, Sardar Patel Nagar, Bhopal",Bhopal,NSAP Pension,5995.79,1994-09-25,9591302714,2025-08-18
1463,Rajan Ghosh,839379652023,44723929885,Allahabad Bank,"House 854, Indira Colony, Darrang",Darrang,Ayushman Bharat,46638.94,1963-05-24,9555405348,2022-10-06
1464,Santosh Rajput,313804112916,50335498417,Bank of India,"House 656, Shantinagar, Kamrup",Kamrup,NSAP Pension,3235.32,1964-07-08,9601446653,2023-08-17
1465,Meera Gupta,631973589766,97279954946,Central Bank,"House 505, Netaji Nagar, Dhubri",Dhubri,PMSBY Insurance,1276.69,1980-11-07,9454376803,2023-12-07
1466,Vinod Ghosh,946813424314,14636003122,Canara Bank,"House 533, Krishnanagar, Sonitpur",Sonitpur,PM Fasal Bima,11307.69,1980-09-07,9862697743,2021-02-25
1467,Ashok Nirmalkar,263857158836,53917853660,Punjab National Bank,"House 341, New Colony, Jorhat",Jorhat,PMKVY Skill Dev,13790.39,1966-01-23,9893316665,2024-06-13
1468,Yogesh Chauhan,786422433805,79063669038,State Bank of India,"House 178, Krishnanagar, Darrang",Darrang,PM Ujjwala,2122.97,1962-01-24,9078378031,2025-08-03
1469,Shanti Chatterjee,891328523198,34149601170,Punjab National Bank,"House 650, Rajiv Nagar, Jaipur",Jaipur,PM Ujjwala,3084.02,1994-06-01,9270469077,2022-11-28
1470,Ramesh Sharma,530876925309,67095252947,Punjab National Bank,"House 349, Rampur, Allahabad",Allahabad,PM Ujjwala,1713.43,1986-04-14,9679301058,2023-12-14
1471,Rekha Joshi,319324421626,16057298661,Allahabad Bank,"House 220, Ambedkar Nagar, Lakhimpur",Lakhimpur,MGNREGA,6367.14,1958-02-12,9407921068,2023-10-29
1472,Ashok Devi,673764505961,87053283590,Punjab National Bank,"House 527, Netaji Nagar, Sivasagar",Sivasagar,NSP Scholarship,3013.22,1989-09-18,9278321922,2023-08-17
1473,Mukesh Patel,268900320426,46648811944,Indian Bank,"House 89, Lal Bahadur Nagar, Varanasi",Varanasi,PMKVY Skill Dev,13156.16,1991-01-09,9322350455,2023-05-09
1474,Asha Bind,336913086439,17524177274,Indian Bank,"House 962, Nehru Vihar, Lakhimpur",Lakhimpur,NSP Scholarship,7535.68,1990-01-12,9090899720,2024-02-07
1475,Vinod Yadav,605481097945,01171733121,Allahabad Bank,"House 404, Rajiv Nagar, Jorhat",Jorhat,NSAP Pension,3493.79,1990-04-21,9473504537,2024-08-10
1476,Anita Tiwari,674428626769,64375602763,Bank of Baroda,"House 141, Azad Nagar, Kanpur",Kanpur,Ayushman Bharat,33721.89,1993-03-25,9999356089,2023-11-16
1477,Guddi Shah,078922475598,73845219390,Canara Bank,"House 177, Indira Colony, Muzaffarpur",Muzaffarpur,PM Fasal Bima,15117.01,1962-12-31,9883127736,2024-01-08
1478,Meera Maurya,300328656495,62151274437,Bank of Baroda,"House 606, Netaji Nagar, Goalpara",Goalpara,MGNREGA,4828.56,1976-01-25,9052399173,2021-12-15
1479,Rajan Devi,775951015003,68066575914,Punjab National Bank,"House 495, Nehru Vihar, Dhubri",Dhubri,PM Ujjwala,2880.2,1996-01-06,9100985145,2024-05-13
1480,Vinod Reddy,240788238903,07107662186,Bank of India,"House 982, Gandhi Nagar, Bhopal",Bhopal,PMSBY Insurance,1953.25,1976-02-14,9696701055,2024-08-03
1481,Pushpa Mehta,442156838087,54628081934,Central Bank,"House 45, Rajiv Nagar, Amritsar",Amritsar,PM Fasal Bima,3589.64,1993-12-23,9083886391,2024-12-26
1482,Rekha Singh,879503776477,29221511424,Allahabad Bank,"House 458, Rajiv Nagar, Goalpara",Goalpara,PM Fasal Bima,4723.23,2000-09-14,9748598130,2024-07-25
1483,Ritu Kumar,960471381198,22630276987,Union Bank,"House 791, Lal Bahadur Nagar, Darrang",Darrang,PM-KISAN,5082.69,1965-05-06,9814201942,2024-03-25
1484,Rajesh Kahar,939669568392,33968157324,Central Bank,"House 859, Rajiv Nagar, Kamrup",Kamrup,Ayushman Bharat,9586.8,1956-04-23,9585554354,2021-04-22
1485,Rakesh Pillai,502185113614,45433468040,Central Bank,"House 897, Ambedkar Nagar, Allahabad",Allahabad,NSP Scholarship,10788.22,1994-05-29,9926556087,2025-12-14
1486,Mohan Nath,372861607202,89060669794,State Bank of India,"House 55, Shantinagar, Sivasagar",Sivasagar,PMKVY Skill Dev,19364.84,1989-09-05,9376386366,2021-05-10
1487,Umesh Rajput,766641000478,57359882326,Union Bank,"House 747, Subhash Nagar, Udaipur",Udaipur,PM-KISAN,5474.55,1962-09-11,9359712825,2020-12-03
1488,Bharat Sharma,941545409966,31391382257,State Bank of India,"House 821, Krishnanagar, Darbhanga",Darbhanga,MGNREGA,14868.12,1983-11-12,9800390858,2023-03-10
1489,Saroj Kumar,981225394320,37058840922,Canara Bank,"House 584, Azad Nagar, Jodhpur",Jodhpur,NSP Scholarship,4078.82,1960-01-23,9122057037,2022-10-10
1490,Sunil Joshi,010745887442,72471302749,Canara Bank,"Plot No.2, Near Panchayat Office, Jorhat",Jabalpur,PM Ujjwala,2059.91,1958-09-11,9014250341,2024-07-31
1491,Kiran Pandey,645192325257,93797544359,Punjab National Bank,"House 427, Lal Bahadur Nagar, Kamrup",Kamrup,NSP Scholarship,7674.47,1992-10-30,9753930789,2021-01-14
1492,Ganga Nair,976865797883,37659008372,Union Bank,"House 783, Model Town, Jorhat",Jorhat,PMKVY Skill Dev,9285.83,1983-09-08,9802370259,2022-09-30
1493,Mohan Das,735594987964,90769227938,State Bank of India,"House 290, Ambedkar Nagar, Barpeta",Barpeta,MGNREGA,4691.51,2000-09-05,9557337377,2023-04-03
1494,Ganga Yadav,962135231163,20814348802,Canara Bank,"House 86, Netaji Nagar, Gaya",Gaya,Ayushman Bharat,14263.03,1979-12-14,9770960603,2021-10-22
1495,Hari Thakur,408567855413,79740191196,Punjab National Bank,"House 67, Ambedkar Nagar, Raipur",Raipur,PMKVY Skill Dev,15732.21,1979-07-23,9949466297,2022-02-08
1496,Ramesh Chauhan,063289763325,56696583214,Indian Bank,"House 105, Krishnanagar, Barpeta",Barpeta,MGNREGA,5038.88,1994-05-06,9028064941,2021-03-31
1497,Pooja Nath,520599647350,44578915126,Union Bank,"House 908, Rajiv Nagar, Gaya",Gaya,PM Awas Yojana,132567.15,1960-11-15,9188490476,2025-05-23
1498,Devaki Singh,008691632477,50005107567,Canara Bank,"House 511, Ambedkar Nagar, Sonitpur",Sonitpur,MGNREGA,9988.79,1993-09-07,9573724326,2025-11-23
1499,Sunita Bind,815620233213,20266281982,State Bank of India,"House 328, Netaji Nagar, Barpeta",Barpeta,Ayushman Bharat,24754.74,1962-08-31, ,2025-09-29
1500,Lalita Kewat,635712577936,54163134907,Indian Bank,"House 987, Gandhi Nagar, Ludhiana",Ludhiana,NSP Scholarship,10728.83,1968-02-20,9000314781,2022-06-15
1501,Prakash Tiwari,397076053630,63555137189,Bank of India,"House 104, Shantinagar, Barpeta",Barpeta,PM-KISAN,3436.89,1992-11-24,9371829663,2024-05-08
1502,Bharat Gupta,548154078086,01573549099,Union Bank,"House 382, Shantinagar, Ludhiana",Ludhiana,NSAP Pension,3230.2,1995-06-26,9050715262,2021-03-17
1503,Kamla Chatterjee,882214179421,51808370381,Allahabad Bank,"House 720, Rajiv Nagar, Kanpur",Kanpur,NSP Scholarship,4023.71,1993-11-09,9850690577,2022-11-26
1504,Babli Verma,164660743272,19315498385,Union Bank,"House 602, New Colony, Jabalpur",Jabalpur,PMKVY Skill Dev,9127.85,1974-01-27,9246688165,2022-07-26
1505,Ganesh Rajput,422150994968,98829227337,Central Bank,"House 211, Bapunagar, Nagaon",Nagaon,NSP Scholarship,4566.59,1999-06-09,9156887280,2023-06-05
1506,Saroj Rani,989420173563,64617441013,Punjab National Bank,"House 57, Krishnanagar, Darrang",Darrang,Ayushman Bharat,7974.08,1972-01-20,9593431316,2023-09-02
1507,Rekha Chatterjee,603914370248,56964187958,Bank of India,"Plot No.4, Near Panchayat Office, Sonitpur",Amritsar,PMKVY Skill Dev,11095.28,1996-08-04,9577050316,2024-01-22
1508,Guddi Joshi,763353532615,32019380738,Canara Bank,"House 745, Nehru Vihar, Bhagalpur",Bhagalpur,PMSBY Insurance,1253.52,1961-03-29,9211036652,2021-01-21
1509,Mangala Pillai,276740062284,21610775472,Central Bank,"House 853, New Colony, Jodhpur",Jodhpur,NSP Scholarship,5478.22,1967-12-04,9425021374,2024-04-28
1510,Santosh Chatterjee,799191428780,11111111111,Central Bank,"House 50, Ambedkar Nagar, Jabalpur",Jabalpur,PM Fasal Bima,6931.05,1926-08-24, ,2024-11-14
1511,Usha Pandey,156391642131,63384314163,State Bank of India,"House 426, Bapunagar, Darrang",Darrang,MGNREGA,14196.01,1958-09-13,9353204366,2025-03-22
1512,Babli Mishra,230190342362,62288964040,Bank of Baroda,"House 386, Indira Colony, Gorakhpur",Gorakhpur,PMSBY Insurance,1471.01,1980-06-12,9020785617,2022-12-30
1513,Tulsi Reddy,451459930613,81981586325,Union Bank,"House 74, New Colony, Gaya",Gaya,MGNREGA,9820.88,1973-05-17,9438270597,2025-09-22
1514,Tulsi Kewat,365554678222,48820317948,Bank of India,"House 500, Ambedkar Nagar, Indore",Indore,PM Awas Yojana,149342.25,1960-06-10,9412972707,2023-08-25
1515,Hitesh Iyer,227787280397,84090568121,Indian Bank,"House 396, Rampur, Indore",Indore,PM Awas Yojana,145282.04,1986-11-05,9967271214,2024-01-19
1516,Priya Maurya,517292137481,28853258040,Canara Bank,"House 55, Rajiv Nagar, Udaipur",Udaipur,MGNREGA,9881.48,1958-05-01,9222848875,2023-02-15
1517,Rajan Pandey,260547466861,54972979035,Indian Bank,"House 525, Bapunagar, Dhubri",Dhubri,Ayushman Bharat,38016.68,1984-08-28,9658367337,2021-04-19
1518,Ashok Roy,257388182466,09341211436,UCO Bank,"House 746, New Colony, Ludhiana",Ludhiana,MGNREGA,7292.71,1963-10-13,9234459279,2025-12-08
1519,Saroj Pillai,150886356063,00945997995,Bank of Baroda,"House 341, Gandhi Nagar, Darbhanga",Darbhanga,PM-KISAN,2835.56,1986-05-24,9662070921,2025-04-07
1520,Devaki Reddy,315189229280,12608872543,State Bank of India,"House 839, Nehru Vihar, Amritsar",Amritsar,NSP Scholarship,4428.07,1975-01-06,9151117480,2023-11-21
1521,Ashok Rajput,444466269082,00000000000,State Bank of India,"House 543, Ambedkar Nagar, Udaipur",Udaipur,MGNREGA,12976.56,1983-10-15,9644210269,2025-02-18
1522,Neha Mehta,367400809090,67807571156,Punjab National Bank,"House 203, Bapunagar, Indore",Indore,PMKVY Skill Dev,13499.93,1985-04-02,9622744152,2022-08-21
1523,Mohan Chauhan,325559027634,16943479675,Central Bank,"House 26, Gandhi Nagar, Darrang",Darrang,PM Fasal Bima,23854.04,1988-03-27,9694441877,2023-01-17
1524,Shanti Shah,921039215926,17855930388,Bank of India,"House 714, Subhash Nagar, Nagaon",Nagaon,PM Ujjwala,2276.58,1965-12-11,9345897329,2022-03-17
1525,Ritu Gupta,336244773554,38524256221,UCO Bank,"House 776, Krishnanagar, Sonitpur",Sonitpur,Ayushman Bharat,38870.19,1962-12-06,9433999788,2025-06-18
1526,Vinod Devi,514100053982,87750693920,UCO Bank,"House 972, Bapunagar, Allahabad",Allahabad,MGNREGA,7039.21,1986-01-07,9825684380,2025-06-27
1527,Ashok Kahar,191723454934,87078653520,Indian Bank,"House 681, Indira Colony, Bilaspur",Bilaspur,PM Awas Yojana,139524.38,1987-11-23,9669981475,2021-11-25
1528,Anjali Nair,761018680483,28188325135,UCO Bank,"House 634, New Colony, Bhagalpur",Bhagalpur,Ayushman Bharat,5479.16,1959-10-28,9049796830,2025-12-18
1529,Priya Chatterjee,353650677934,55896363127,Canara Bank,"House 952, Krishnanagar, Muzaffarpur",Muzaffarpur,PM Fasal Bima,11193.67,1960-05-14,9763955677,2024-03-12
1530,Hitesh Jha,420051764245,68836788551,Union Bank,"House 707, Nehru Vihar, Ludhiana",Ludhiana,PMSBY Insurance,1445.75,1999-10-15,9369052704,2025-06-10
1531,Suresh Iyer,081334255756,25500765931,Canara Bank,"House 787, Nehru Vihar, Jabalpur",Jabalpur,PMKVY Skill Dev,17116.68,1998-01-04,9408233454,2025-06-21
1532,Neha Bose,521167503653,30837129269,Canara Bank,"House 576, New Colony, Lakhimpur",Lakhimpur,MGNREGA,6927.93,2001-03-12,9521373889,2020-11-15
1533,Parvati Lodhi,828187816963,96290523394,UCO Bank,"House 751, Azad Nagar, Darbhanga",Darbhanga,MGNREGA,12920.67,1969-12-09,9638249851,2022-02-20
1534,Bharat Chauhan,282204098206,78705138118,Bank of Baroda,"House 726, Bapunagar, Barpeta",Barpeta,NSAP Pension,5126.39,1993-04-02,9105143764,2024-01-21
1535,Anjali Rani,615044364957,50816618313,Punjab National Bank,"House 498, Lal Bahadur Nagar, Allahabad",Allahabad,Ayushman Bharat,12728.45,1971-12-18,9327584078,2024-04-26
1536,Rajesh Bind,719873882139,87494333957,UCO Bank,"House 850, Gandhi Nagar, Varanasi",Varanasi,PM Ujjwala,2406.67,1966-02-07,9791889974,2023-08-11
1537,Ramesh Nath,664033794920,92831697064,Allahabad Bank,"House 196, Bapunagar, Darrang",Darrang,PMKVY Skill Dev,19787.34,1998-02-09,9139007361,2024-08-02
1538,Kamla Patel,332807259295,11096092372,Canara Bank,"Plot No.2, Near Panchayat Office, Jorhat",Bhagalpur,Ayushman Bharat,42710.88,1985-05-19,9838490876,2022-01-24
1539,Rekha Rajput,185857076920,90840812417,Union Bank,"House 868, Ambedkar Nagar, Darbhanga",Darbhanga,NSP Scholarship,11094.64,1959-07-20,9068993225,2023-01-29
1540,Nisha Roy,109558722728,46637177433,Bank of Baroda,"House 349, Shantinagar, Patna",Patna,Ayushman Bharat,6344.19,1981-07-17,9637483911,2022-05-10
1541,Lalita Sahu,133316611331,38543323800,Canara Bank,"House 3, Sardar Patel Nagar, Gorakhpur",Gorakhpur,PM Fasal Bima,17011.88,1987-10-26,9204554262,2022-10-06
1542,Anil Singh,462590193845,22759725533,UCO Bank,"House 285, Azad Nagar, Indore",Indore,PMKVY Skill Dev,15334.01,1992-02-22,9792744723,2020-10-12
1543,Suman Verma,188611139470,50973764957,Punjab National Bank,"House 952, Nehru Vihar, Allahabad",Allahabad,PM Ujjwala,2391.66,1968-05-08,9318111849,2021-06-17
1544,Umesh Jha,365054764667,21780129902,UCO Bank,"House 194, Gandhi Nagar, Jaipur",Jaipur,PMKVY Skill Dev,19946.99,1998-09-24,9529554992,2024-06-13
1545,Rakesh Reddy,353806726966,33252591853,UCO Bank,"House 149, Krishnanagar, Kanpur",Kanpur,PMKVY Skill Dev,16041.25,1976-02-21,9044602758,2025-09-29
1546,Priya Verma,717335328048,32797801958,Canara Bank,"House 913, Model Town, Nagaon",Nagaon,PMKVY Skill Dev,12143.55,1962-07-03,9310851528,2023-11-13
1547,Santosh Chauhan,498223691756,06175552928,Allahabad Bank,"House 989, Gandhi Nagar, Barpeta",Barpeta,NSP Scholarship,7472.54,1957-11-17,9870609392,2022-07-20
1548,Kamla Kewat,988785014540,59427367753,Canara Bank,"House 166, Azad Nagar, Dhubri",Dhubri,NSAP Pension,5595.75,1972-02-06,9915685535,2025-06-04
1549,Mahesh Lodhi,023797472145,82452646180,UCO Bank,"House 590, Rajiv Nagar, Patna",Patna,PM-KISAN,2799.38,1989-07-26,9806900985,2025-05-18
1550,Yogesh Mukherjee,440489992133,07908154455,Bank of India,"House 205, Gandhi Nagar, Kamrup",Kamrup,Ayushman Bharat,18361.52,1982-08-08,9863734136,2023-05-31
1551,Kamla Nirmalkar,423236901384,22357158624,State Bank of India,"House 926, Azad Nagar, Jabalpur",Jabalpur,PMSBY Insurance,1719.76,1995-02-13,9944123021,2021-10-25
1552,Ganga Maurya,210260778779,68024056281,Canara Bank,"House 573, Netaji Nagar, Allahabad",Allahabad,MGNREGA,14315.97,1964-10-10,9810042977,2021-09-06
1553,Ramesh Pandey,894758692205,05092100585,Punjab National Bank,"House 606, Ambedkar Nagar, Udaipur",Udaipur,NSP Scholarship,5311.06,1997-06-27,9575756294,2024-03-14
1554,Babli Tiwari,392001551558,04677383871,Union Bank,"House 968, Subhash Nagar, Barpeta",Barpeta,PMSBY Insurance,1614.26,1976-10-19,9338011755,2022-01-07
1555,Umesh Bose,173679447014,06426188973,UCO Bank,"House 290, New Colony, Amritsar",Amritsar,PM Awas Yojana,146007.8,1969-06-21,9135579971,2023-07-26
1556,Pushpa Tiwari,312074493895,89002681537,Allahabad Bank,"House 130, Rampur, Patna",Patna,PM Awas Yojana,141862.72,1977-11-08,9225519115,2025-02-08
1557,Yogesh Nair,591037301843,09359546626,Bank of India,"House 12, Rampur, Lakhimpur",Lakhimpur,PMKVY Skill Dev,17557.55,1995-04-19,9190904625,2021-05-04
1558,Anjali Lodhi,540428246852,73136084598,Bank of Baroda,"House 601, Nehru Vihar, Patna",Patna,PM Awas Yojana,122020.4,1956-11-15,9034095290,2025-05-29
1559,Neha Lodhi,073332845304,63837556453,Canara Bank,"House 507, Rajiv Nagar, Varanasi",Varanasi,NSAP Pension,2712.54,1989-01-16,9230731670,2023-01-05
1560,Rekha Jha,907394497663,31543271503,Punjab National Bank,"House 475, Azad Nagar, Sonitpur",Sonitpur,PM Ujjwala,3102.54,1970-11-04,9751410678,2025-03-04
1561,Mangala Shah,724952059583,64284716649,UCO Bank,"House 491, Rampur, Dhubri",Dhubri,PMSBY Insurance,1645.42,1998-07-16,9432028344,2024-02-29
1562,Rajan Pandey,304877942146,18551886169,Allahabad Bank,"House 132, Azad Nagar, Allahabad",Allahabad,PM Ujjwala,2406.05,1997-12-02,9264481707,2023-10-20
1563,Leela Sharma,673838113074,28614116424,Canara Bank,"House 581, New Colony, Kamrup",Kamrup,MGNREGA,8197.73,1981-06-24,9028722297,2024-10-05
1564,Suman Pandey,894032027507,60334332836,Canara Bank,"House 778, Subhash Nagar, Dhubri",Dhubri,PM Ujjwala,2920.03,1977-01-12,9821602586,2024-12-27
1565,Hitesh Jha,051296300384,75324378983,Canara Bank,"House 657, Azad Nagar, Udaipur",Udaipur,NSP Scholarship,7930.36,1995-11-03,9392426683,2024-11-25
1566,Leela Pandey,915923349116,34144222097,Allahabad Bank,"House 214, New Colony, Varanasi",Varanasi,NSP Scholarship,7867.39,1987-08-26,9492919736,2022-08-05
1567,Rekha Maurya,272936497309,72466479149,Bank of India,"House 46, New Colony, Jaipur",Jaipur,PMKVY Skill Dev,15279.3,1997-02-17,9140242864,2023-05-22
1568,Naresh Nair,409155886248,94502412335,Central Bank,"House 138, New Colony, Sonitpur",Sonitpur,NSP Scholarship,5867.33,1963-03-20,9100101379,2020-12-06
1569,Asha Patel,346328571082,85724090739,Punjab National Bank,"House 558, Subhash Nagar, Patna",Patna,NSP Scholarship,8983.68,1971-07-22,9823498402,2021-04-11
1570,Mamta Mehta,205763817252,33853938586,Bank of Baroda,"House 94, Rampur, Darbhanga",Darbhanga,MGNREGA,11445.07,1973-11-11,9184089593,2022-08-27
1571,Kamla Mishra,958877499090,76850844682,Canara Bank,"House 934, Ambedkar Nagar, Kanpur",Kanpur,PM-KISAN,5327.23,1957-09-12,9688910159,2024-08-12
1572,Sanjay Gupta,570041516973,25991534169,UCO Bank,"House 885, Nehru Vihar, Amritsar",Amritsar,PM Awas Yojana,132412.08,2000-03-27,9371459705,2022-03-16
1573,Babli Tiwari,727887324935,02133804954,Bank of India,"House 961, Model Town, Darrang",Darrang,MGNREGA,7692.81,1972-01-13,9455840434,2022-03-31
1574,Seema Mallah,672028421930,50014785802,Central Bank,"House 911, Bapunagar, Patna",Patna,PM Ujjwala,2228.62,1961-11-26,9527152663,2024-10-19
1575,Yogesh Nair,738188551578,83179878305,Bank of Baroda,"House 805, Sardar Patel Nagar, Jabalpur",Jabalpur,NSP Scholarship,7982.03,1990-03-30,9325148008,2024-06-28
1576,Kiran Naidu,434847951450,42189460767,Central Bank,"Plot No.4, Near Panchayat Office, Sonitpur",Amritsar,PMSBY Insurance,1334.94,1976-10-30,9226081100,2024-12-21
1577,Dinesh Sahu,488400967432,77256230225,Allahabad Bank,"House 117, Krishnanagar, Bhagalpur",Bhagalpur,PMKVY Skill Dev,9328.52,1978-10-26,9131079288,2021-09-28
1578,Umesh Sahu,479830373859,75243386554,UCO Bank,"House 482, Rajiv Nagar, Lakhimpur",Lakhimpur,NSAP Pension,2423.14,1979-04-14,9929772520,2023-06-14
1579,Guddi Singh,893980192521,54229425276,Union Bank,"House 19, Subhash Nagar, Nagaon",Nagaon,PM Ujjwala,2692.44,1985-09-12,9919183393,2025-11-24
1580,Pooja Ghosh,441814318123,41805206922,Canara Bank,"House 277, Ambedkar Nagar, Varanasi",Varanasi,PMKVY Skill Dev,11313.13,1981-11-08,9501767771,2023-10-11
1581,Mukesh Chatterjee,738850112160,03235448718,Punjab National Bank,"House 92, Indira Colony, Patna",Patna,PM-KISAN,5117.05,1990-01-25,9559888840,2020-11-01
1582,Neha Yadav,100370609231,58486341741,Allahabad Bank,"House 713, Shantinagar, Udaipur",Udaipur,NSAP Pension,4204.55,1992-03-02,9219591396,2024-07-21
1583,Nisha Mallah,841776483578,36879457543,Union Bank,"House 986, Lal Bahadur Nagar, Gorakhpur",Gorakhpur,Ayushman Bharat,30948.21,1997-05-04,9384928880,2023-11-02
1584,Nisha Kahar,423866754720,05768478476,Bank of Baroda,"House 657, Sardar Patel Nagar, Bhagalpur",Bhagalpur,PM-KISAN,3043.14,1992-08-01,9324336845,2023-01-04
1585,Santosh Reddy,226806211343,00706804215,UCO Bank,"House 326, Sardar Patel Nagar, Goalpara",Goalpara,PM Awas Yojana,128603.69,1979-12-27,9516188104,2023-10-29
1586,Munni Patel,109440923709,85884514963,Central Bank,"Plot No.4, Near Panchayat Office, Sonitpur",Varanasi,NSAP Pension,4075.19,1959-12-03,9247426117,2020-12-24
1587,Anil Sahu,310305121752,91007959296,Allahabad Bank,"House 322, Shantinagar, Kamrup",Kamrup,PMKVY Skill Dev,282833.39,1964-03-05,9457294249,2024-05-12
1588,Shanti Tiwari,121846504020,87750693920,Allahabad Bank,"House 463, Subhash Nagar, Bhopal",Bhopal,Ayushman Bharat,42090.43,1980-11-11,9034819871,2024-06-21
1589,Sanjay Singh,570140067690,65375384357,Central Bank,"House 883, Azad Nagar, Darrang",Darrang,PMKVY Skill Dev,14161.25,1991-05-29,9806517257,2025-09-19
1590,Umesh Bind,649777383545,79984523729,Central Bank,"House 99, Sardar Patel Nagar, Gorakhpur",Gorakhpur,PM Fasal Bima,13593.4,1985-08-29,9648905693,2022-03-28
1591,Rakesh Yadav,159522702327,14365337012,Punjab National Bank,"House 810, Netaji Nagar, Varanasi",Varanasi,NSP Scholarship,8380.45,1968-07-21,9949162112,2021-09-23
1592,Nisha Kumar,193358562222,56092320924,Bank of Baroda,"House 607, Netaji Nagar, Lucknow",Lucknow,NSAP Pension,5852.12,1997-08-24,9034735607,2022-10-16
1593,Ganga Naidu,123731519564,37659008372,State Bank of India,"House 624, Sardar Patel Nagar, Dhubri",Dhubri,NSAP Pension,4987.01,1967-06-16,9105230351,2022-04-03
1594,Asha Yadav,905373332890,90890687431,Canara Bank,"House 731, Azad Nagar, Goalpara",Goalpara,PM Ujjwala,2202.49,1975-04-14,9763066217,2025-10-07
1595,Ashok Mukherjee,801031982588,57557990716,Canara Bank,"House 124, Subhash Nagar, Muzaffarpur",Muzaffarpur,PMSBY Insurance,1273.65,1957-12-28,9538316866,2022-03-20
1596,Lalita Kumar,314281974155,77558377907,State Bank of India,"House 319, New Colony, Patna",Patna,Ayushman Bharat,8349.26,1995-03-01,9849241826,2023-03-22
1597,Devaki Nair,533147867597,71904077241,Bank of Baroda,"House 373, Rajiv Nagar, Raipur",Raipur,PM Awas Yojana,128145.83,1965-01-17,9533544711,2021-07-18
1598,Ashok Chatterjee,294001520815,30357319305,Allahabad Bank,"House 820, Ambedkar Nagar, Jabalpur",Jabalpur,PM Fasal Bima,5306.59,1978-10-05,9620738046,2025-01-06
1599,Vijay Naidu,252756519754,64035801355,State Bank of India,"House 615, Azad Nagar, Darrang",Darrang,PMSBY Insurance,1824.3,1962-12-08,9627102076,2022-05-15
1600,Mohan Mehta,378681325754,41226296028,State Bank of India,"House 307, Indira Colony, Jabalpur",Jabalpur,PMSBY Insurance,1588.83,1984-10-19,9914391407,2025-06-30
1601,Prakash Sahu,594204652176,38930343840,UCO Bank,"House 190, Sardar Patel Nagar, Gaya",Gaya,MGNREGA,6684.31,1957-04-27,9165148915,2023-04-12
1602,Savita Kurmi,917457344396,17959973115,Punjab National Bank,"House 877, Shantinagar, Bhopal",Bhopal,PMSBY Insurance,1810.55,2001-02-24,9941770261,2021-04-21
1603,Rajan Ghosh,694753201516,42739115556,Bank of Baroda,"House 163, Netaji Nagar, Patna",Patna,NSP Scholarship,4637.93,1971-01-08,9977926258,2023-06-08
1604,Asha Roy,395177629805,31863326271,UCO Bank,"House 29, Indira Colony, Raipur",Raipur,Ayushman Bharat,43909.84,1957-12-23,9704706329,2023-08-23
1605,Kiran Shah,964004555237,14636003122,Punjab National Bank,"House 15, Azad Nagar, Jaipur",Jaipur,Ayushman Bharat,48122.07,1958-12-06,9957037007,2025-10-17
1606,Parvati Gupta,083105400629,95276573175,Punjab National Bank,"House 661, Model Town, Sivasagar",Sivasagar,PM Ujjwala,1746.21,1992-11-22,9987265866,2025-09-02
1607,Kamla Naidu,861339698929,63825002890,Indian Bank,"House 293, Gandhi Nagar, Udaipur",Udaipur,NSP Scholarship,10644.88,1969-12-07,9443484070,2025-10-11
1608,Prakash Kewat,377742298410,45104793245,Bank of India,"House 535, Nehru Vihar, Amritsar",Amritsar,PM Fasal Bima,20076.57,1995-03-12,9451191622,2025-09-14
1609,Mamta Mishra,050244422608,26944702201,Indian Bank,"House 45, Netaji Nagar, Gorakhpur",Gorakhpur,Ayushman Bharat,8870.47,1977-10-14,9496520554,2024-09-19
1610,Tulsi Kahar,095573506099,87656748344,Central Bank,"House 83, Shantinagar, Bhopal",Bhopal,NSAP Pension,1962.32,1982-09-19,9752496819,2024-12-01
1611,Neha Mishra,990658578657,12494170894,Bank of India,"House 449, Shantinagar, Darbhanga",Darbhanga,PM Fasal Bima,11887.14,1972-05-20,9562972110,2022-05-09
1612,Neha Yadav,840856880903,63060810964,Union Bank,"House 134, Indira Colony, Dhubri",Dhubri,NSP Scholarship,10148.65,1994-08-08,9266704757,2025-08-20
1613,Ganesh Tiwari,540428246852,41837406099,Central Bank,"House 486, Krishnanagar, Udaipur",Udaipur,PM Ujjwala,2809.16,1989-11-21,9433283461,2024-05-06
1614,Ritu Kahar,694728924683,99734636341,Allahabad Bank,"House 63, Nehru Vihar, Amritsar",Amritsar,NSAP Pension,3374.03,1924-02-17,9659177076,2024-08-06
1615,Ritu Jha,280740528040,32766143260,Indian Bank,"House 486, Shantinagar, Amritsar",Amritsar,PMSBY Insurance,1868.59,1983-10-29,9377627084,2024-02-11
1616,Pushpa Jha,684192540319,60385360206,Bank of India,"House 824, Subhash Nagar, Jorhat",Jorhat,PM Awas Yojana,138643.69,1997-04-13,9178150276,2025-05-26
1617,Kamla Bind,659861085230,77253682173,Indian Bank,"House 855, Shantinagar, Kamrup",Kamrup,PM Awas Yojana,135578.89,1963-01-03,9560281858,2024-02-10
1618,Neha Joshi,348753116046,37659008372,Punjab National Bank,"House 407, Azad Nagar, Varanasi",Varanasi,PM-KISAN,4163.71,1958-03-16,9781340495,2021-07-27
1619,Vandana Mishra,041318652852,35235142607,Allahabad Bank,"House 865, Azad Nagar, Sivasagar",Sivasagar,PM Awas Yojana,126554.23,1990-11-10,9370311333,2022-10-28
1620,Leela Ghosh,418543783316,89474932604,Union Bank,"House 735, Sardar Patel Nagar, Kamrup",Kamrup,PM-KISAN,3184.44,1997-03-19,9927216468,2020-12-15
1621,Rajesh Devi,057807188419,96230422972,Indian Bank,"House 334, Gandhi Nagar, Raipur",Raipur,PM Fasal Bima,10292.35,1967-04-30,9899325256,2023-08-21
1622,Babli Nirmalkar,816702581814,61510295170,Punjab National Bank,"House 631, Indira Colony, Sivasagar",Sivasagar,Ayushman Bharat,6635.89,1997-05-07,9550884066,2025-03-27
1623,Suman Kurmi,618835054815,57134864690,State Bank of India,"House 249, Gandhi Nagar, Indore",Indore,NSP Scholarship,4785.47,1996-10-30,9858975306,2025-08-29
1624,Rekha Mukherjee,069705004376,98132154602,Canara Bank,"House 480, Ambedkar Nagar, Ludhiana",Ludhiana,PMKVY Skill Dev,16281.53,1994-11-21,9277712445,2025-12-05
1625,Dinesh Nirmalkar,904418727789,19171115824,Punjab National Bank,"House 904, Sardar Patel Nagar, Kamrup",Kamrup,PMSBY Insurance,1711.9,1966-09-14,9515977522,2021-04-25
1626,Guddi Verma,076684280557,97672939329,State Bank of India,"House 196, Subhash Nagar, Amritsar",Amritsar,PM Ujjwala,2208.27,1958-10-26,9731791590,2025-11-13
1627,Leela Gupta,295553789150,40129476665,Bank of Baroda,"House 714, Indira Colony, Kanpur",Kanpur,NSP Scholarship,4949.95,1981-01-03,9547212099,2024-07-22
1628,Pushpa Maurya,155952567315,79055135939,Punjab National Bank,"House 665, Lal Bahadur Nagar, Kanpur",Kanpur,PMSBY Insurance,1847.0,1980-04-26,9939347358,2021-07-26
1629,Bharat Pandey,660700507921,13312163500,Bank of India,"House 41, Ambedkar Nagar, Bhopal",Bhopal,PMSBY Insurance,1698.04,1997-02-10,9779060771,2021-06-08
1630,Vandana Gupta,459311333484,28470889098,Indian Bank,"House 954, Model Town, Lakhimpur",Lakhimpur,PM Fasal Bima,5372.25,1958-06-05,9286856372,2024-10-28
1631,Leela Shah,962019808584,70072246503,UCO Bank,"House 586, Sardar Patel Nagar, Muzaffarpur",Muzaffarpur,PMKVY Skill Dev,14831.59,1965-09-12,9039178232,2021-12-15
1632,Seema Kumar,858041997088,01250459854,Union Bank,"House 692, Rajiv Nagar, Gaya",Gaya,PMSBY Insurance,1884.02,1963-02-28,9578446831,2023-06-02
1633,Anita Verma,986296069454,91496702167,UCO Bank,"House 879, Subhash Nagar, Jabalpur",Jabalpur,Ayushman Bharat,48525.16,1981-12-30,9637879905,2023-01-29
1634,Pushpa Bind,083455087739,46358509141,State Bank of India,"House 824, Ambedkar Nagar, Udaipur",Udaipur,PMKVY Skill Dev,16573.36,1989-08-07,9523284241,2021-09-29
1635,Sunita Gupta,653772676330,92605469204,Punjab National Bank,"House 518, Model Town, Gorakhpur",Gorakhpur,PMSBY Insurance,1754.79,1959-02-21,9931602820,2025-11-30
1636,Rakesh Devi,855720209536,14154104249,UCO Bank,"House 466, Gandhi Nagar, Darrang",Darrang,PM Ujjwala,2316.87,1974-05-21,9368020572,2025-05-08
1637,Seema Verma,461125550976,20779845523,State Bank of India,"House 115, Ambedkar Nagar, Kanpur",Kanpur,MGNREGA,13161.61,1958-06-07,9845208841,2025-03-30
1638,Umesh Iyer,564400953034,06473418473,Punjab National Bank,"House 111, Lal Bahadur Nagar, Gaya",Gaya,PM Awas Yojana,121049.66,1956-12-03,9527457081,2024-08-22
1639,Ramesh Gupta,421473461485,33347669680,Punjab National Bank,"House 604, Lal Bahadur Nagar, Varanasi",Varanasi,PM Ujjwala,681425.71,1979-12-10,9740795543,2022-10-23
1640,Ritu Kumar,608707213814,29998157911,Bank of Baroda,"House 986, Subhash Nagar, Sivasagar",Sivasagar,PM-KISAN,5280.31,1996-01-30,9861437867,2024-05-09
1641,Nisha Mukherjee,562440443437,47613948529,Punjab National Bank,"House 451, Bapunagar, Kanpur",Kanpur,PM Ujjwala,2810.12,1963-05-30,9741907222,2024-12-16
1642,Rekha Kewat,273734094204,68526172793,Bank of Baroda,"House 785, Rajiv Nagar, Bilaspur",Bilaspur,PM Ujjwala,2305.66,1966-04-03,9730723358,2022-08-26
1643,Savita Mallah,837027948907,14327128730,UCO Bank,"House 848, Rajiv Nagar, Patna",Patna,PMKVY Skill Dev,18886.98,1972-03-15,9595057084,2025-11-12
1644,Neha Kumar,888334949757,40378012807,Union Bank,"House 608, Gandhi Nagar, Gorakhpur",Gorakhpur,PM Fasal Bima,3640.92,1986-12-12,9658915386,2023-06-05
1645,Prakash Chauhan,283077991690,72403109928,State Bank of India,"House 361, Rampur, Raipur",Raipur,PM Fasal Bima,4418.6,1987-03-02,9027079244,2022-01-29
1646,Mangala Thakur,865769327892,16172804373,Punjab National Bank,"House 322, Lal Bahadur Nagar, Gaya",Gaya,PM Ujjwala,1648.7,1996-06-09,9056618465,2021-09-13
1647,Santosh Yadav,100408764241,21529874136,State Bank of India,"House 543, New Colony, Ludhiana",Ludhiana,NSAP Pension,2924.04,1998-09-30,9683493372,2024-05-14
1648,Pushpa Rani,879521728216,61217127848,UCO Bank,"House 724, Netaji Nagar, Sivasagar",Sivasagar,PM-KISAN,3739.45,1963-02-02,9312789138,2022-07-31
1649,Suman Naidu,734937869569,77057470826,State Bank of India,"House 774, Krishnanagar, Muzaffarpur",Muzaffarpur,PM Fasal Bima,21160.19,1917-09-19,9717915211,2025-09-02
1650,Geeta Yadav,515444055674,38849227756,Punjab National Bank,"House 858, Rajiv Nagar, Udaipur",Udaipur,MGNREGA,7432.49,1993-12-29,9827618435,2025-08-28
1651,Lalita Mukherjee,429784659367,41903160585,Central Bank,"House 735, Ambedkar Nagar, Allahabad",Allahabad,PM Awas Yojana,146753.24,1978-07-25,9715131244,2022-06-28
1652,Mangala Mukherjee,901166001001,42666428564,Punjab National Bank,"House 282, Rampur, Indore",Indore,PM Awas Yojana,120488.82,1963-03-22,9231700179,2021-01-16
1653,Lalita Chatterjee,799820555254,87494333957,Canara Bank,"House 833, Ambedkar Nagar, Bhopal",Bhopal,NSAP Pension,3062.52,1966-12-31,9543133160,2025-02-22
1654,Hari Shah,794487743784,43471584543,Allahabad Bank,"House 103, Rampur, Gorakhpur",Gorakhpur,PM Fasal Bima,5715.05,1987-10-10,9148233975,2022-06-10
1655,Savita Chatterjee,924983029474,88572034900,Union Bank,"Plot No.4, Near Panchayat Office, Sonitpur",Jodhpur,PM-KISAN,5028.83,1985-03-04,9963345534,2025-01-31
1656,Leela Nath,901801876379,74445042019,State Bank of India,"House 521, Rajiv Nagar, Dhubri",Dhubri,PMSBY Insurance,1324.95,1962-11-06, ,2022-07-23
1657,Hari Kewat,707659588396,86501684293,Union Bank,"House 785, Indira Colony, Darrang",Darrang,NSP Scholarship,4665.04,1968-06-14,9754532511,2025-07-13
1658,Sanjay Nirmalkar,972479147491,87378337480,Union Bank,"Plot No.5, Near Panchayat Office, Gaya",Bilaspur,MGNREGA,7008.78,1986-08-24,9469420260,2024-10-09
1659,Anita Das,674428626769,34633858350,Bank of Baroda,"House 307, Sardar Patel Nagar, Udaipur",Udaipur,PM-KISAN,4445.08,1987-02-21,9314465829,2024-09-22
1660,Mamta Mukherjee,996075198726,15211444292,Indian Bank,"House 260, Rampur, Lakhimpur",Lakhimpur,NSP Scholarship,5517.1,1986-11-24,9129226020,2023-04-14
1661,Geeta Das,453145142198,85229976418,Central Bank,"House 215, Ambedkar Nagar, Jabalpur",Jabalpur,PMSBY Insurance,1670.17,1986-01-03,9966945683,2021-08-10
1662,Leela Bind,622828754463,04369867201,UCO Bank,"House 439, Rajiv Nagar, Allahabad",Allahabad,NSP Scholarship,7491.95,1991-01-15,9998028281,2024-03-28
1663,Ashok Singh,361420493180,58421480799,Union Bank,"House 135, Nehru Vihar, Lakhimpur",Lakhimpur,PM Awas Yojana,146075.42,1969-01-21,9685822816,2025-09-15
1664,Sanjay Roy,608993538673,76371849259,Central Bank,"House 909, New Colony, Jaipur",Jaipur,Ayushman Bharat,8770.4,1984-08-27,9305628212,2022-05-13
1665,Vinod Devi,627510489836,71563778501,UCO Bank,"House 624, Netaji Nagar, Allahabad",Allahabad,PM Fasal Bima,11146.15,1963-12-28,9456030461,2021-07-14
1666,Prakash Rani,127080088271,35755552416,UCO Bank,"House 264, Ambedkar Nagar, Varanasi",Varanasi,MGNREGA,3863.84,1964-12-02,9789584828,2023-06-24
1667,Suresh Pandey,208000269635,53037292360,Bank of India,"House 254, Model Town, Raipur",Raipur,PM-KISAN,5228.53,1973-05-07,9466878792,2024-04-25
1668,Lalita Yadav,628748086304,26846273468,Punjab National Bank,"House 106, Shantinagar, Bilaspur",Bilaspur,PM Ujjwala,2712.46,2000-10-20,9381237272,2021-11-27
1669,Priya Mukherjee,540428246852,36539389522,Indian Bank,"House 101, Subhash Nagar, Gorakhpur",Gorakhpur,PM Fasal Bima,3246.63,1987-02-22,9643047868,2025-01-30
1670,Shanti Gupta,517118389424,00348929648,Union Bank,"House 136, New Colony, Jodhpur",Jodhpur,PM Awas Yojana,135581.47,1978-01-01,9524426075,2024-03-09
1671,Sanjay Mehta,669013619263,14562235679,State Bank of India,"House 702, Subhash Nagar, Allahabad",Allahabad,PM Fasal Bima,4310.2,1976-09-02,9011411726,2022-04-06
1672,Dinesh Patel,341605753570,61173787187,Bank of Baroda,"House 689, Rajiv Nagar, Kanpur",Kanpur,NSP Scholarship,6872.89,1969-04-13,9486031208,2022-12-09
1673,Yogesh Sharma,808134373726,08754943610,UCO Bank,"House 715, Subhash Nagar, Barpeta",Barpeta,Ayushman Bharat,35805.98,1985-07-18,9318377974,2023-07-29
1674,Parvati Nirmalkar,953135077343,53346715311,Indian Bank,"House 604, Gandhi Nagar, Barpeta",Barpeta,PM Awas Yojana,127834.41,1997-06-12,9779960003,2023-05-16
1675,Lalita Bind,198443534855,70192996418,UCO Bank,"House 428, Subhash Nagar, Ludhiana",Ludhiana,MGNREGA,14228.77,1968-08-27,9657183156,2024-05-26
1676,Suresh Das,323991067961,39462538382,Bank of Baroda,"House 629, Indira Colony, Muzaffarpur",Muzaffarpur,PMSBY Insurance,1473.84,1962-05-10,9298458313,2023-08-15
1677,Ganesh Nath,046371687373,79485724769,Canara Bank,"House 166, Subhash Nagar, Udaipur",Udaipur,Ayushman Bharat,48133.66,1986-08-07,9783109114,2023-12-20
1678,Rajan Sahu,520528542676,80596742795,Punjab National Bank,"House 288, Nehru Vihar, Jabalpur",Jabalpur,Ayushman Bharat,34216.17,1998-08-20,9193324753,2025-07-26
1679,Kavita Naidu,201205788656,07577503631,Canara Bank,"House 332, Lal Bahadur Nagar, Lucknow",Lucknow,PM-KISAN,2407.85,1969-10-20,9706349307,2022-06-01
1680,Geeta Kumar,470341102482,64115609242,Allahabad Bank,"House 885, Subhash Nagar, Darrang",Darrang,PM Fasal Bima,22571.56,1975-07-04,9288447366,2023-11-13
1681,Dinesh Ghosh,693056858933,46721644935,Indian Bank,"House 319, Model Town, Jabalpur",Jabalpur,PM Ujjwala,1973.82,1983-12-02,9257003781,2022-11-23
1682,Usha Singh,791252645875,52258769728,Bank of India,"House 814, Bapunagar, Gaya",Gaya,PMKVY Skill Dev,11373.29,1979-06-20,9483368554,2024-08-24
1683,Naresh Maurya,358755876370,90395649812,Bank of India,"House 636, Indira Colony, Allahabad",Allahabad,MGNREGA,6909.55,1979-05-12,9012679910,2025-11-25
1684,Usha Rajput,217829386011,75279774794,Bank of India,"House 349, Nehru Vihar, Gaya",Gaya,PM-KISAN,3854.41,1977-02-08,9308410373,2025-10-28
1685,Guddi Rajput,424000593063,47409117098,Canara Bank,"House 78, Rajiv Nagar, Raipur",Raipur,NSP Scholarship,3958.92,1988-09-02,9688456306,2021-04-29
1686,Babli Nair,098785927297,80694875526,Punjab National Bank,"House 716, Ambedkar Nagar, Kamrup",Kamrup,PMSBY Insurance,1927.0,2000-01-22,9380381464,2025-08-29
1687,Rakesh Devi,397171824992,58273151434,Bank of Baroda,"House 472, Rajiv Nagar, Sonitpur",Sonitpur,PM Fasal Bima,4422.76,1980-11-04,9002236954,2021-12-28
1688,Shanti Chauhan,404028538680,83120388127,Punjab National Bank,"House 191, Sardar Patel Nagar, Patna",Patna,PM Ujjwala,2658.52,1995-12-17,9011812360,2021-03-12
1689,Anita Kahar,285477775940,28338465016,Indian Bank,"House 418, Bapunagar, Lakhimpur",Lakhimpur,PM Ujjwala,1687.84,1970-03-06,9087287790,2025-03-24
1690,Umesh Joshi,035813384093,70014073647,Punjab National Bank,"House 411, Shantinagar, Nagaon",Nagaon,NSP Scholarship,11825.82,1970-04-27,9915412115,2025-03-20
1691,Seema Sharma,285019669531,70312691713,Allahabad Bank,"House 575, Ambedkar Nagar, Kamrup",Kamrup,MGNREGA,10977.04,1956-08-29,9193479311,2021-04-22
1692,Dinesh Iyer,408192668103,99382374085,Allahabad Bank,"House 328, New Colony, Gaya",Gaya,NSP Scholarship,4529.9,1963-07-20,9635330450,2023-02-24
1693,Naresh Pandey,246010073644,26014895184,Bank of India,"House 975, Krishnanagar, Barpeta",Barpeta,PM Ujjwala,2460.4,1972-02-24,9973288876,2024-02-26
1694,Sanjay Singh,175410352138,13416356462,State Bank of India,"House 400, Shantinagar, Allahabad",Allahabad,PM Fasal Bima,5034.78,1956-09-10,9388394531,2023-09-17
1695,Hitesh Bose,413628100302,05241514029,Bank of Baroda,"House 106, Netaji Nagar, Indore",Indore,PM Ujjwala,2304.8,1994-07-27,9782956933,2025-07-08
1696,Ganesh Yadav,143021797122,35015423984,State Bank of India,"House 165, Gandhi Nagar, Muzaffarpur",Muzaffarpur,PM-KISAN,4755.36,1982-03-08,9654360138,2023-03-18
1697,Bharat Sahu,377712383032,58591575557,Indian Bank,"House 788, Ambedkar Nagar, Ludhiana",Ludhiana,PM-KISAN,3402.95,1969-08-16,9320155889,2024-02-16
1698,Bharat Sharma,959709978845,81315996421,Bank of India,"House 923, Krishnanagar, Bhagalpur",Bhagalpur,PM Ujjwala,2634.32,1964-12-22,9026460310,2023-12-27
1699,Vinod Nair,687433249898,04409041226,UCO Bank,"House 78, Lal Bahadur Nagar, Raipur",Raipur,PM Ujjwala,2879.18,1989-02-07,9351094660,2023-03-22
1700,Munni Mukherjee,230648367100,50860056534,UCO Bank,"House 528, Ambedkar Nagar, Jabalpur",Jabalpur,PMSBY Insurance,1693.71,1980-07-10,9940997474,2023-06-18
1701,Nisha Yadav,767739546986,96540975226,Bank of India,"House 157, Model Town, Jorhat",Jorhat,PM Fasal Bima,3340.67,1967-02-20,9871356549,2021-01-15
1702,Anjali Mallah,912612041894,91422745996,Indian Bank,"House 370, Lal Bahadur Nagar, Lucknow",Lucknow,MGNREGA,11158.42,1974-08-02,9186807401,2024-07-24
1703,Suresh Rajput,773900379506,91509934188,UCO Bank,"House 588, Netaji Nagar, Lakhimpur",Lakhimpur,MGNREGA,7778.34,1994-02-10,9980861641,2023-10-03
1704,Sunil Naidu,077960471432,31597053284,Punjab National Bank,"House 713, Nehru Vihar, Darrang",Darrang,PMKVY Skill Dev,10088.32,1984-03-22,9145285531,2024-03-22
1705,Mangala Singh,640965055916,09185206634,Union Bank,"House 237, Netaji Nagar, Jorhat",Jorhat,PM Awas Yojana,126556.06,1985-08-06,9881100907,2022-12-28
1706,Tulsi Roy,166533587460,21529874136,Punjab National Bank,"House 295, Rampur, Amritsar",Amritsar,NSP Scholarship,6322.12,1965-11-06,9790713099,2024-03-08
1707,Nisha Mishra,112833752177,89142805113,Indian Bank,"House 318, Shantinagar, Raipur",Raipur,PM Fasal Bima,16604.06,1969-09-03,9273534163,2020-12-22
1708,Rekha Roy,879033282077,94871212195,Bank of India,"House 63, Azad Nagar, Goalpara",Goalpara,PM Fasal Bima,24469.7,1997-03-25,9110970148,2025-12-14
1709,Anjali Patel,323474799701,65560240018,Union Bank,"House 500, Bapunagar, Bhopal",Bhopal,PM Awas Yojana,139211.29,1969-09-21,9595645728,2025-05-18
1710,Ganga Bind,842393749398,21019498285,Bank of Baroda,"House 244, Azad Nagar, Jorhat",Jorhat,NSP Scholarship,7172.27,1987-08-25,9968060735,2024-11-02
1711,Mukesh Sahu,125615260897,09828714512,State Bank of India,"House 558, Krishnanagar, Gorakhpur",Gorakhpur,MGNREGA,11438.65,1962-07-05,9923476624,2023-02-04
1712,Mahesh Singh,734326007346,12807813888,UCO Bank,"House 500, Rajiv Nagar, Kanpur",Kanpur,PM Fasal Bima,13560.6,1966-04-27,9890194409,2024-05-15
1713,Pushpa Reddy,814122976776,94156897103,Central Bank,"House 189, New Colony, Dhubri",Dhubri,Ayushman Bharat,13028.1,1970-02-02,9044411626,2024-05-20
1714,Kamla Nath,025607786930,25537686212,State Bank of India,"House 929, Lal Bahadur Nagar, Gorakhpur",Gorakhpur,NSAP Pension,2175.88,1964-04-17,9771948197,2025-05-01
1715,Guddi Jha,379219980108,22222222222,Union Bank,"House 553, Ambedkar Nagar, Dhubri",Dhubri,MGNREGA,7372.03,1968-07-23,9815762341,2021-04-01
1716,Ramesh Verma,836877963251,90596280877,Indian Bank,"House 493, Subhash Nagar, Patna",Patna,PMKVY Skill Dev,19070.27,1973-01-23,9317150748,2025-01-07
1717,Meera Kahar,846963687457,02636750493,Bank of India,"House 142, Azad Nagar, Raipur",Raipur,PM Awas Yojana,138766.81,1986-10-29,9292430110,2024-02-25
1718,Mangala Kurmi,246013894049,64290613420,Punjab National Bank,"House 784, Azad Nagar, Jabalpur",Jabalpur,PMKVY Skill Dev,8512.99,1957-02-28,9333538952,2024-12-23
1719,Lalita Mallah,056885378456,69948520462,Union Bank,"House 598, New Colony, Barpeta",Barpeta,PMSBY Insurance,1355.51,1970-10-12,9523922216,2023-02-20
1720,Geeta Das,428487406709,30117302465,UCO Bank,"House 748, Rajiv Nagar, Dhubri",Dhubri,PM-KISAN,3907.7,1976-05-19,9520573657,2024-07-26
1721,Rajesh Joshi,568979744321,59163179036,Allahabad Bank,"House 273, Nehru Vihar, Sivasagar",Sivasagar,NSAP Pension,2608.64,1992-02-20,9266798174,2022-01-07
1722,Geeta Verma,056204196003,74214965862,Central Bank,"House 203, Nehru Vihar, Bhagalpur",Bhagalpur,PMSBY Insurance,1754.08,1989-08-29,9386746691,2024-01-06
1723,Umesh Pillai,798505796558,02693163067,Allahabad Bank,"House 114, Indira Colony, Lucknow",Lucknow,Ayushman Bharat,16876.67,1980-10-01,9041692031,2021-06-06
1724,Seema Das,469384698903,48924086914,Bank of Baroda,"House 233, Azad Nagar, Jodhpur",Jodhpur,PM Fasal Bima,14700.78,1960-11-29,9629040397,2025-05-13
1725,Neha Yadav,111179984474,56849674000,Central Bank,"House 292, Netaji Nagar, Darbhanga",Darbhanga,PM Ujjwala,2516.85,1993-03-22,9798923089,2025-07-26
1726,Neha Rani,499025385661,77582085875,Indian Bank,"House 905, Model Town, Sonitpur",Sonitpur,PM Awas Yojana,120491.53,1991-05-15,9276415221,2024-12-09
1727,Mamta Ghosh,275661900043,20627562872,Union Bank,"House 960, Lal Bahadur Nagar, Darbhanga",Darbhanga,NSAP Pension,3904.06,1972-08-27,9742075987,2022-11-05
1728,Naresh Joshi,773967876120,69206093467,Allahabad Bank,"House 129, Nehru Vihar, Sivasagar",Sivasagar,PM Awas Yojana,126624.96,1981-05-11,9798516979,2023-10-11
1729,Dinesh Iyer,423555815586,20567657602,Central Bank,"House 944, Rampur, Raipur",Raipur,PM Awas Yojana,126746.54,1980-01-03,9993884793,2022-03-16
1730,Nisha Jha,720385365249,79650202170,Central Bank,"House 719, Rajiv Nagar, Sonitpur",Sonitpur,NSP Scholarship,7779.85,1963-10-25,9564990124,2023-04-14
1731,Umesh Tiwari,845560650565,01307107426,Union Bank,"House 948, Lal Bahadur Nagar, Varanasi",Varanasi,PM-KISAN,4638.57,1984-01-01,9397490579,2024-09-17
1732,Seema Maurya,939611457303,44017052688,Punjab National Bank,"House 520, Indira Colony, Allahabad",Allahabad,NSP Scholarship,10187.98,1983-06-11,9638560403,2021-11-19
1733,Priya Patel,960092458145,60278344984,State Bank of India,"House 867, Sardar Patel Nagar, Varanasi",Varanasi,PM Ujjwala,1984.33,1983-10-06,9690583139,2025-08-31
1734,Rekha Thakur,946420151413,97182300236,Bank of Baroda,"House 127, Subhash Nagar, Varanasi",Varanasi,PM Awas Yojana,148822.42,1995-06-19,9597851336,2020-10-12
1735,Rakesh Mukherjee,262073081016,37837553982,Punjab National Bank,"Plot No.4, Near Panchayat Office, Sonitpur",Allahabad,PM-KISAN,5686.07,2001-02-07,9362464932,2024-12-03
1736,Neha Thakur,558375449423,03445278629,Canara Bank,"House 812, Indira Colony, Indore",Indore,PM Fasal Bima,8769.05,1972-06-28,9927060084,2025-06-06
1737,Sanjay Roy,668707082963,61685427644,Union Bank,"House 554, Shantinagar, Raipur",Raipur,NSAP Pension,5950.49,1998-10-07,9126114219,2024-04-29
1738,Lalita Nath,392952056000,59836073848,Bank of Baroda,"House 236, Gandhi Nagar, Dhubri",Dhubri,NSP Scholarship,9258.15,1991-12-15,9315780077,2022-02-18
1739,Guddi Shah,315860757769,86391793875,Canara Bank,"House 778, Indira Colony, Darbhanga",Darbhanga,PMSBY Insurance,1495.12,1925-03-31,9084253369,2023-11-19
1740,Hari Mishra,964557326441,22219822421,Punjab National Bank,"House 666, Ambedkar Nagar, Amritsar",Amritsar,PMSBY Insurance,1266.11,1973-04-14,9015025359,2023-11-29
1741,Ramesh Nath,979785343821,79159113520,Indian Bank,"House 320, Subhash Nagar, Kamrup",Kamrup,PM-KISAN,2845.18,1966-02-26,9610521460,2023-12-04
1742,Anil Chatterjee,753015287163,37659008372,State Bank of India,"House 219, Krishnanagar, Jorhat",Jorhat,PMSBY Insurance,1893.44,1983-04-11,9024803010,2021-07-18
1743,Hari Gupta,639945711395,20277942716,Allahabad Bank,"House 917, Subhash Nagar, Varanasi",Varanasi,Ayushman Bharat,9938.45,1968-12-02,9514353247,2022-11-17
1744,Rajesh Nath,802747555534,07129036455,Punjab National Bank,"House 725, Sardar Patel Nagar, Dhubri",Dhubri,PMSBY Insurance,1467.42,1974-03-15,9770704891,2024-02-09
1745,Deepak Devi,696676070152,91731957993,Bank of India,"House 817, New Colony, Jodhpur",Jodhpur,NSAP Pension,3986.59,1988-07-01,9296110340,2022-04-21
1746,Seema Das,291485508161,48083603357,Bank of India,"House 550, Bapunagar, Gorakhpur",Gorakhpur,PM-KISAN,5333.7,1995-05-11,9914660771,2023-08-22
1747,Hitesh Kewat,219691936601,25246199327,Central Bank,"House 312, Bapunagar, Barpeta",Barpeta,MGNREGA,13338.48,1921-02-09,9619224003,2024-10-06
1748,Ganesh Bind,036901515352,68229333537,Bank of India,"House 156, New Colony, Goalpara",Goalpara,PM Ujjwala,2522.78,1961-08-17,9288969662,2024-02-14
1749,Geeta Das,467190804341,14663345609,UCO Bank,"House 972, Azad Nagar, Goalpara",Goalpara,PM Fasal Bima,9054.85,1984-06-21,9035548125,2023-07-22
1750,Neha Naidu,665781432133,29443762394,Allahabad Bank,"House 293, Model Town, Jabalpur",Jabalpur,PM Ujjwala,3127.84,1981-07-17,9620709401,2023-12-31
1751,Vandana Ghosh,948997774163,70578662151,Punjab National Bank,"Plot No.4, Near Panchayat Office, Sonitpur",Amritsar,PM Awas Yojana,137225.22,1972-01-21,9611731585,2021-03-10
1752,Munni Das,648850831645,81973544491,Central Bank,"House 897, Azad Nagar, Nagaon",Nagaon,PMKVY Skill Dev,19866.46,1993-08-03,9429089451,2022-12-16
1753,Ramesh Mukherjee,778369422174,38503285574,Canara Bank,"House 30, Nehru Vihar, Gaya",Gaya,PM Awas Yojana,124429.1,1976-07-29,9530379709,2024-04-27
1754,Guddi Sahu,362446719665,54672812144,Bank of Baroda,"House 607, Gandhi Nagar, Dhubri",Dhubri,PM Awas Yojana,141326.92,2000-07-31,9231105222,2025-03-30
1755,Santosh Verma,112541194863,97000904390,State Bank of India,"House 362, Rajiv Nagar, Lucknow",Lucknow,PM Ujjwala,2904.1,1996-08-30,9132822233,2021-09-29
1756,Saroj Pandey,791144221411,26695878139,Allahabad Bank,"House 556, Nehru Vihar, Barpeta",Barpeta,PM-KISAN,2174.81,1971-09-25,9672010358,2020-12-12
1757,Kamla Kurmi,702191998270,41571452923,Union Bank,"House 509, Netaji Nagar, Darbhanga",Darbhanga,NSP Scholarship,7835.59,1970-06-27,9610059430,2021-02-21
1758,Meera Bind,405566811106,40531778918,Bank of Baroda,"House 478, Nehru Vihar, Gaya",Gaya,PMSBY Insurance,1674.44,1981-05-22,9187211696,2023-07-10
1759,Rakesh Jha,171995195342,14030004744,Union Bank,"House 746, Lal Bahadur Nagar, Bhagalpur",Bhagalpur,NSAP Pension,5337.63,2000-07-13,9304282133,2022-04-27
1760,Savita Maurya,466729714336,15586837796,UCO Bank,"House 528, Nehru Vihar, Ludhiana",Ludhiana,PM Awas Yojana,141282.35,1998-03-16,9923510967,2021-02-21
1761,Sunil Mehta,625754227587,25013594899,Bank of India,"House 935, Model Town, Darrang",Darrang,NSP Scholarship,5807.33,1992-02-29,9749718145,2023-09-22
1762,Leela Nath,038560006500,91788866753,Union Bank,"House 655, Sardar Patel Nagar, Ludhiana",Ludhiana,NSP Scholarship,8796.33,1992-08-30,9624275326,2025-09-21
1763,Vandana Bose,203379668128,90626071544,Punjab National Bank,"House 338, Nehru Vihar, Jabalpur",Jabalpur,NSP Scholarship,9392.74,1977-11-05,9496530897,2022-06-18
1764,Rajesh Chauhan,668445378540,77665216495,State Bank of India,"House 762, Subhash Nagar, Jorhat",Jorhat,NSP Scholarship,8367.89,1972-11-10,9564497435,2025-04-15
1765,Lalita Mukherjee,955151875723,47477366067,Union Bank,"House 464, Rajiv Nagar, Bhopal",Bhopal,PMKVY Skill Dev,14778.26,1969-06-28,9485974649,2023-02-05
1766,Sunil Maurya,611908774488,08608122843,Bank of Baroda,"House 309, Model Town, Indore",Indore,Ayushman Bharat,45111.99,1970-01-30,9308216478,2025-10-19
1767,Geeta Mukherjee,773401531629,87750693920,Canara Bank,"House 108, Gandhi Nagar, Jodhpur",Jodhpur,PMKVY Skill Dev,19750.38,1999-09-04,9269166561,2022-09-21
1768,Devaki Lodhi,054874752482,82106552370,Canara Bank,"House 762, Shantinagar, Lucknow",Lucknow,PMKVY Skill Dev,14324.34,1978-10-03,9896326393,2025-03-07
1769,Santosh Joshi,210373633744,21529874136,Bank of India,"House 142, Gandhi Nagar, Jodhpur",Jodhpur,MGNREGA,11501.86,1967-09-29,9594679646,2023-05-20
1770,Hitesh Mehta,153448935670,03221595886,Central Bank,"House 231, Sardar Patel Nagar, Raipur",Raipur,NSP Scholarship,5518.15,1959-02-23,9064204707,2024-12-04
1771,Bharat Shah,313780708737,44333251562,Allahabad Bank,"House 10, New Colony, Kamrup",Kamrup,PM Fasal Bima,4003.09,1973-04-13,9353313817,2022-11-24
1772,Rajan Rajput,031940002048,21225703792,Bank of Baroda,"House 559, Model Town, Amritsar",Amritsar,PMKVY Skill Dev,11151.06,1982-08-25,9809927438,2024-04-03
1773,Vijay Yadav,817247030765,63637859050,State Bank of India,"House 785, Nehru Vihar, Ludhiana",Ludhiana,PM Fasal Bima,9666.13,1991-03-17,9576301462,2022-03-10
1774,Rajesh Verma,513139565240,51573062441,Indian Bank,"House 190, Krishnanagar, Patna",Patna,NSAP Pension,2235.58,1981-07-14,9612310202,2021-12-14
1775,Bharat Bose,673838113074,62257651184,Central Bank,"House 318, Gandhi Nagar, Ludhiana",Ludhiana,NSAP Pension,2734.94,1962-11-06,9678096853,2025-07-13
1776,Deepak Pillai,374175336725,54717956279,Central Bank,"House 450, Gandhi Nagar, Dhubri",Dhubri,PMSBY Insurance,1806.43,1999-09-29,9890488034,2022-06-12
1777,Ganga Mehta,365863220474,19340836317,Canara Bank,"House 544, Lal Bahadur Nagar, Ludhiana",Ludhiana,Ayushman Bharat,11495.32,1980-09-23,9871639557,2025-05-04
1778,Kavita Nath,244926233737,36933051514,UCO Bank,"House 444, Krishnanagar, Jorhat",Jorhat,NSP Scholarship,3605.38,2000-08-02,9441015014,2024-07-14
1779,Nisha Sharma,496524610450,53628366304,UCO Bank,"House 507, Model Town, Darrang",Darrang,PMSBY Insurance,1424.6,1961-04-18,9887876454,2025-07-16
1780,Mukesh Rani,463607170994,17124551891,State Bank of India,"House 423, Rajiv Nagar, Dhubri",Dhubri,Ayushman Bharat,10821.04,1992-01-16,9622188546,2021-04-23
1781,Vandana Tiwari,620981435742,92299319474,Canara Bank,"House 207, Lal Bahadur Nagar, Kamrup",Kamrup,PM Awas Yojana,123223.37,1999-03-27,9947062652,2022-07-17
1782,Deepak Mukherjee,464482481421,57551053319,Allahabad Bank,"House 702, Indira Colony, Raipur",Raipur,PMKVY Skill Dev,9258.28,1972-04-27,9487633156,2025-09-04
1783,Naresh Rani,460508697571,57874401240,Indian Bank,"House 714, New Colony, Ludhiana",Ludhiana,NSP Scholarship,5722.38,1990-04-13,9306824754,2023-10-07
1784,Suresh Patel,739622382265,30334554380,Punjab National Bank,"House 635, Netaji Nagar, Patna",Patna,NSP Scholarship,6060.23,1960-11-22,9389993010,2021-02-09
1785,Ramesh Lodhi,721260155400,73979848428,Bank of India,"House 872, Rampur, Gorakhpur",Gorakhpur,PM Awas Yojana,132082.63,1996-05-15,9350718439,2021-10-15
1786,Vandana Kumar,139118544263,95570225432,Punjab National Bank,"House 289, Rajiv Nagar, Amritsar",Amritsar,PMKVY Skill Dev,12870.15,1979-05-03,9784315311,2021-04-21
1787,Mohan Pandey,855931836550,21176669793,Bank of India,"House 15, Nehru Vihar, Jodhpur",Jodhpur,NSAP Pension,5911.34,1963-10-03,9843856531,2022-11-27
1788,Rakesh Rajput,276623231018,16209756418,Bank of Baroda,"House 329, Ambedkar Nagar, Dhubri",Dhubri,PM Fasal Bima,15175.44,1973-09-08,9841810096,2023-09-28
1789,Ganesh Nirmalkar,260782464530,89393712746,Bank of India,"House 438, Gandhi Nagar, Bhopal",Bhopal,PMKVY Skill Dev,16250.61,1995-09-04,9158362083,2023-01-26
1790,Ritu Patel,138145319189,14493627017,State Bank of India,"House 526, Netaji Nagar, Raipur",Raipur,Ayushman Bharat,14147.12,1993-02-02,9770051448,2023-02-27
1791,Umesh Ghosh,133147586709,21045312685,Allahabad Bank,"House 682, Ambedkar Nagar, Lakhimpur",Lakhimpur,PM Awas Yojana,126169.31,1966-11-21,9085231246,2024-02-03
1792,Meera Nirmalkar,532366500528,77305342453,Allahabad Bank,"House 308, Subhash Nagar, Barpeta",Barpeta,PM-KISAN,5383.11,1971-01-06,9866497648,2023-04-04
1793,Mukesh Naidu,914621940326,81655494283,Central Bank,"House 94, Gandhi Nagar, Ludhiana",Ludhiana,PM Fasal Bima,8691.82,1989-03-05,9138186135,2021-04-08
1794,Nisha Iyer,955506804120,41206279457,Union Bank,"House 864, Nehru Vihar, Sonitpur",Sonitpur,PMKVY Skill Dev,16815.71,1991-05-20,9522407942,2024-01-11
1795,Mukesh Sahu,152589421302,83474590401,Bank of Baroda,"House 723, New Colony, Kanpur",Kanpur,Ayushman Bharat,49091.16,1973-01-20,9512248684,2021-03-06
1796,Seema Lodhi,847397499926,92777053346,Bank of India,"House 594, Azad Nagar, Darbhanga",Darbhanga,PM Ujjwala,2904.6,1975-11-28,9650615861,2024-08-13
1797,Sunita Rani,604294149822,42996684699,State Bank of India,"House 892, Rampur, Jorhat",Jorhat,PM Ujjwala,1820.97,1966-07-03,9924390041,2025-07-23
1798,Devaki Pandey,502196386801,68229333537,State Bank of India,"House 948, Lal Bahadur Nagar, Bhopal",Bhopal,Ayushman Bharat,40755.37,1975-08-21,9374200463,2021-01-08
1799,Lalita Pandey,833953046577,71884843988,Bank of Baroda,"House 863, Model Town, Raipur",Raipur,Ayushman Bharat,34048.18,1956-07-13,9429413757,2023-09-15
1800,Yogesh Kumar,437625331237,83015589706,Canara Bank,"House 497, Subhash Nagar, Indore",Indore,PM Ujjwala,2438.38,1960-05-28,9065975109,2022-09-06
1801,Kamla Das,968372633805,68983611738,Union Bank,"House 160, Subhash Nagar, Gaya",Gaya,PM Awas Yojana,133685.53,1983-03-07,9000095653,2022-01-15
1802,Usha Gupta,377556616408,00163883160,State Bank of India,"House 140, Sardar Patel Nagar, Sivasagar",Sivasagar,MGNREGA,10395.91,1998-01-09,9997606205,2021-03-04
1803,Rajesh Roy,424483933694,87791306877,State Bank of India,"House 25, Netaji Nagar, Nagaon",Nagaon,PMSBY Insurance,1700.29,1996-04-19,9281395620,2023-06-25
1804,Santosh Roy,721777452393,04021996057,Indian Bank,"House 779, Lal Bahadur Nagar, Patna",Patna,PM Awas Yojana,133273.32,1989-11-01,9155233023,2021-05-30
1805,Umesh Devi,937947360461,41774653276,Union Bank,"House 872, Ambedkar Nagar, Lakhimpur",Lakhimpur,PM Awas Yojana,125387.68,1988-04-06,9540545465,2021-09-30
1806,Prakash Kurmi,214672338768,94767175752,Union Bank,"House 333, Lal Bahadur Nagar, Kamrup",Kamrup,NSAP Pension,5833.14,1966-11-18,9678371530,2025-07-06
1807,Santosh Iyer,425112643834,78028264506,Central Bank,"House 694, Bapunagar, Kamrup",Kamrup,PM Awas Yojana,136081.67,1965-11-07,9631246868,2022-10-05
1808,Babli Mallah,628503851191,91508397528,State Bank of India,"House 654, New Colony, Kanpur",Kanpur,PMKVY Skill Dev,10214.61,1961-01-09,9496630508,2025-07-03
1809,Guddi Verma,197270289250,74767203773,Union Bank,"House 280, New Colony, Lucknow",Lucknow,PM Awas Yojana,133077.56,1978-06-14,9520453801,2021-07-31
1810,Saroj Shah,790516589311,12200395974,Bank of India,"House 145, Gandhi Nagar, Kanpur",Kanpur,PM-KISAN,5185.85,1998-05-08,9362567600,2020-12-08
1811,Anil Maurya,272335555025,85094023272,Indian Bank,"House 98, Lal Bahadur Nagar, Allahabad",Allahabad,PM-KISAN,3050.48,1971-11-12,9191352696,2022-10-06
1812,Sunil Sahu,261397512103,95756846433,Allahabad Bank,"House 152, Indira Colony, Darrang",Darrang,Ayushman Bharat,18196.31,1968-12-17,9689130317,2023-03-01
1813,Vijay Thakur,666652431257,42337331262,Central Bank,"House 704, Subhash Nagar, Dhubri",Dhubri,MGNREGA,7901.92,1959-11-28,9599851121,2023-06-19
1814,Tulsi Sahu,092950896305,12877214946,Bank of Baroda,"House 240, Nehru Vihar, Varanasi",Varanasi,PM-KISAN,2737.5,1979-04-17,9016920064,2021-09-24
1815,Dinesh Singh,323899291126,31040124902,Central Bank,"House 279, Krishnanagar, Barpeta",Barpeta,PM Fasal Bima,16061.43,1962-10-24,9528742203,2025-02-08
1816,Suman Sahu,021602185648,51246523945,Canara Bank,"House 511, Ambedkar Nagar, Barpeta",Barpeta,MGNREGA,11911.64,1979-06-09,9622672310,2024-11-08
1817,Mukesh Gupta,365713844428,07579097264,State Bank of India,"House 678, Nehru Vihar, Goalpara",Goalpara,NSAP Pension,3310.55,1965-01-24,9457341399,2022-08-27
1818,Tulsi Bind,470571948423,95019705186,State Bank of India,"House 261, Rampur, Varanasi",Varanasi,PMKVY Skill Dev,10915.3,1998-08-23,9140123345,2020-11-11
1819,Naresh Sharma,929281576236,04882570911,Central Bank,"House 787, Netaji Nagar, Amritsar",Amritsar,PMSBY Insurance,1995.69,1990-12-13,9383615682,2024-07-25
1820,Guddi Naidu,722164809676,68431906654,Allahabad Bank,"House 884, Azad Nagar, Dhubri",Dhubri,NSP Scholarship,6661.38,1996-09-13,9264487554,2020-12-30
1821,Asha Thakur,443989879595,37787726398,Union Bank,"House 686, Gandhi Nagar, Allahabad",Allahabad,NSP Scholarship,8545.08,1977-04-19,9212782324,2025-08-11
1822,Bharat Kewat,049508303103,50814777301,UCO Bank,"House 383, Lal Bahadur Nagar, Nagaon",Nagaon,MGNREGA,4278.65,1992-09-19,9579590679,2020-10-23
1823,Parvati Naidu,474237807387,74191366864,Punjab National Bank,"House 188, Bapunagar, Jabalpur",Jabalpur,PM-KISAN,337120.3,1991-07-06,9493263503,2023-09-03
1824,Ganga Mehta,216095214080,29432551881,Union Bank,"House 750, Indira Colony, Bilaspur",Bilaspur,PM Ujjwala,1946.7,1918-05-25,9781436714,2020-12-07
1825,Mukesh Sharma,622758920723,33962946845,UCO Bank,"House 610, New Colony, Darbhanga",Darbhanga,PMSBY Insurance,1886.86,1973-03-07,9842896047,2021-05-13
1826,Ramesh Joshi,980756896812,12435129554,Canara Bank,"House 865, Nehru Vihar, Nagaon",Nagaon,PM Ujjwala,2344.07,1969-08-15,9762233077,2025-05-10
1827,Seema Sharma,972058770782,20765156390,Central Bank,"House 937, Bapunagar, Gaya",Gaya,PM-KISAN,4139.87,1997-05-07,9667802973,2021-10-12
1828,Saroj Mukherjee,610527441620,69952456462,Canara Bank,"House 965, Shantinagar, Amritsar",Amritsar,PMSBY Insurance,1877.2,1961-12-18, ,2021-06-30
1829,Sunita Chatterjee,602354016526,18711921649,Central Bank,"House 688, New Colony, Ludhiana",Ludhiana,MGNREGA,3381.38,1967-01-18,9514024833,2022-05-25
1830,Kamla Nath,186430907447,64603340027,UCO Bank,"House 801, Ambedkar Nagar, Indore",Indore,PM-KISAN,2812.52,1995-09-23,9517761074,2021-11-13
1831,Kamla Reddy,725027717275,07884703081,Bank of India,"House 856, New Colony, Sonitpur",Sonitpur,MGNREGA,12142.63,1996-10-23,9532482688,2024-03-08
1832,Kavita Gupta,736857674597,05106673822,Bank of India,"House 367, Gandhi Nagar, Kanpur",Kanpur,PM Ujjwala,2415.61,1987-12-17,9264749780,2024-10-23
1833,Mohan Pillai,630864243123,42834305418,Canara Bank,"House 490, Indira Colony, Muzaffarpur",Muzaffarpur,PMSBY Insurance,1667.31,1976-12-06, ,2022-07-24
1834,Tulsi Sahu,605469938874,79094973267,State Bank of India,"House 867, Rajiv Nagar, Dhubri",Dhubri,PMKVY Skill Dev,16879.41,1966-03-07,9400823345,2024-07-26
1835,Kamla Thakur,927710858825,96462377415,Indian Bank,"House 606, Subhash Nagar, Bhopal",Bhopal,Ayushman Bharat,32777.89,1995-06-21,9945442157,2024-09-20
1836,Suman Sharma,441279862736,11111111111,Punjab National Bank,"House 205, Netaji Nagar, Gorakhpur",Gorakhpur,Ayushman Bharat,25670.31,1958-05-04,9722516647,2024-01-22
1837,Kavita Joshi,068016638888,66743975172,Allahabad Bank,"House 770, Model Town, Ludhiana",Ludhiana,PM-KISAN,4717.17,1961-02-12,9027733125,2024-07-25
1838,Tulsi Patel,175283832334,49867167222,UCO Bank,"House 763, Rampur, Jorhat",Jorhat,PM-KISAN,5705.78,1980-06-06,9088556218,2025-10-30
1839,Ritu Kewat,950092206008,97657570059,Indian Bank,"House 888, Ambedkar Nagar, Bhopal",Bhopal,PM-KISAN,2461.55,1969-07-06,9982976258,2023-02-19
1840,Babli Kumar,843775094557,21228201496,Central Bank,"House 799, Rampur, Bhopal",Bhopal,NSAP Pension,5370.12,1965-09-05,9474878944,2022-12-11
1841,Pooja Kahar,902414582477,21053980404,UCO Bank,"House 567, Nehru Vihar, Barpeta",Barpeta,PMSBY Insurance,1290.57,1989-04-09,9405040118,2025-02-03
1842,Sanjay Sharma,461586467786,80016711989,Punjab National Bank,"House 617, Sardar Patel Nagar, Kamrup",Kamrup,PMSBY Insurance,1275.89,1983-11-22,9121987143,2024-04-04
1843,Rekha Tiwari,084639120492,43856096757,UCO Bank,"House 826, Bapunagar, Lakhimpur",Lakhimpur,PM Fasal Bima,8539.34,1961-10-13,9612931679,2023-06-21
1844,Yogesh Kumar,565939194462,22408884236,Central Bank,"House 566, Nehru Vihar, Indore",Indore,MGNREGA,6181.4,1962-04-21,9615073717,2021-01-13
1845,Vijay Kewat,066603407154,83844606611,State Bank of India,"Plot No.5, Near Panchayat Office, Gaya",Lucknow,PM Fasal Bima,12074.11,1987-11-08,9150471350,2020-10-23
1846,Ganga Kumar,768898774882,85749673827,Canara Bank,"House 896, Indira Colony, Barpeta",Barpeta,MGNREGA,6841.8,1968-09-02,9556015430,2025-10-06
1847,Geeta Thakur,153389773614,87705999141,Union Bank,"House 994, Rampur, Muzaffarpur",Muzaffarpur,MGNREGA,9671.9,1974-12-06,9593008348,2025-09-17
1848,Saroj Iyer,024468764213,56369046750,Union Bank,"House 472, Lal Bahadur Nagar, Bhagalpur",Bhagalpur,PM Fasal Bima,19040.09,1988-09-12,9729149608,2024-01-13
1849,Kamla Maurya,179905762939,31868944481,Union Bank,"House 544, Rajiv Nagar, Barpeta",Barpeta,Ayushman Bharat,45808.7,1964-05-11,9414611237,2023-12-23
1850,Anil Jha,966741563324,24507522161,Allahabad Bank,"House 684, New Colony, Bhagalpur",Bhagalpur,NSAP Pension,2357.37,1976-02-24,9717097462,2022-04-12
1851,Vinod Nath,017155212316,21529874136,Canara Bank,"House 401, Azad Nagar, Bhagalpur",Bhagalpur,PMSBY Insurance,1329.42,1988-10-26,9744648527,2022-11-10
1852,Pooja Chauhan,490318373437,72223114339,UCO Bank,"House 75, Model Town, Darbhanga",Darbhanga,NSAP Pension,4622.92,1966-12-20,9405233075,2021-03-17
1853,Mohan Yadav,576438632606,21462971729,Central Bank,"House 337, Indira Colony, Gaya",Gaya,PMSBY Insurance,1371.36,1999-08-27,9897586836,2020-10-14
1854,Mahesh Rani,482186219344,52749218355,Bank of Baroda,"House 539, Gandhi Nagar, Gorakhpur",Gorakhpur,PM Awas Yojana,146284.9,1976-02-29,9824299602,2022-07-06
1855,Pushpa Singh,755987687597,08601290055,Allahabad Bank,"House 819, Shantinagar, Indore",Indore,NSP Scholarship,5452.47,1992-02-08,9367939094,2024-05-05
1856,Savita Gupta,157575717882,75735867954,Bank of India,"House 578, Azad Nagar, Ludhiana",Ludhiana,MGNREGA,12544.49,1983-06-17,9138693986,2021-02-19
1857,Anil Chatterjee,080974315673,46755978557,Allahabad Bank,"House 280, Netaji Nagar, Allahabad",Allahabad,PMKVY Skill Dev,9684.49,1998-08-30,9494659006,2025-05-22
1858,Devaki Maurya,209294891936,01926369711,Punjab National Bank,"House 512, Nehru Vihar, Sonitpur",Sonitpur,NSP Scholarship,10282.03,1992-03-05,9935510311,2022-04-10
1859,Kamla Naidu,703628595278,37100569549,Central Bank,"House 906, Gandhi Nagar, Muzaffarpur",Muzaffarpur,PM Ujjwala,2640.29,1985-12-30,9132418127,2021-01-07
1860,Anita Kahar,850068495073,05661916113,Allahabad Bank,"House 139, Krishnanagar, Jabalpur",Jabalpur,PMSBY Insurance,1873.22,1962-09-17,9256413767,2025-05-14
1861,Deepak Kurmi,158212727587,67678324417,Punjab National Bank,"House 241, Lal Bahadur Nagar, Goalpara",Goalpara,PM Awas Yojana,145946.34,1968-12-18,9731869449,2023-03-22
1862,Anjali Kurmi,106712712470,03777100837,Bank of Baroda,"House 215, Rampur, Sonitpur",Sonitpur,NSAP Pension,2061.07,1988-09-30,9579360931,2024-11-27
1863,Pooja Gupta,932880258180,99706176064,UCO Bank,"House 867, Netaji Nagar, Indore",Indore,Ayushman Bharat,26462.35,1980-02-19,9877006155,2020-11-04
1864,Umesh Nirmalkar,264913647899,73348415272,Indian Bank,"House 149, Ambedkar Nagar, Lucknow",Lucknow,NSP Scholarship,5630.44,1998-07-30,9420423900,2025-09-05
1865,Mahesh Chauhan,376161766035,77032671956,Bank of Baroda,"House 470, Nehru Vihar, Jodhpur",Jodhpur,NSP Scholarship,6198.43,2000-10-15,9829103064,2025-07-09
1866,Dinesh Naidu,484947393391,32911815094,Indian Bank,"House 363, Rajiv Nagar, Kanpur",Kanpur,PM-KISAN,3646.51,1999-08-15,9386261248,2024-09-11
1867,Suman Nair,421293300344,89623932050,Indian Bank,"House 363, Model Town, Goalpara",Goalpara,PMKVY Skill Dev,14324.84,1965-11-29,9142422040,2021-07-12
1868,Priya Yadav,873036107363,62128007578,Bank of Baroda,"House 939, Shantinagar, Bhopal",Bhopal,NSAP Pension,4179.3,1983-07-11,9115656987,2022-05-24
1869,Ganga Das,316595719697,01227641658,Allahabad Bank,"House 554, Netaji Nagar, Gorakhpur",Gorakhpur,MGNREGA,12252.82,1972-10-10,9587388158,2023-12-02
1870,Anjali Bind,894058932390,23742845289,State Bank of India,"House 524, Indira Colony, Indore",Indore,PM Ujjwala,1674.79,1985-04-08,9373941461,2022-08-20
1871,Nisha Mishra,592977037668,15240691964,Canara Bank,"House 83, Shantinagar, Sivasagar",Sivasagar,PM Ujjwala,1811.42,1983-05-28,9394102328,2024-09-18
1872,Dinesh Devi,926906192858,75944793125,Central Bank,"House 429, Gandhi Nagar, Darrang",Darrang,PM Awas Yojana,146014.24,1992-11-17,9349681777,2024-08-12
1873,Meera Roy,149022867972,99229449303,UCO Bank,"House 687, Lal Bahadur Nagar, Jabalpur",Jabalpur,PM Fasal Bima,13708.54,1973-12-17,9417709959,2021-12-30
1874,Deepak Mukherjee,335581919577,41168904865,Bank of India,"House 877, Azad Nagar, Patna",Patna,MGNREGA,5662.37,1985-10-18,9004054871,2021-11-29
1875,Kavita Chatterjee,345019386368,51533783794,Bank of India,"House 318, Lal Bahadur Nagar, Jaipur",Jaipur,PM Awas Yojana,133281.64,1964-05-02,9076881117,2023-07-19
1876,Sunil Bose,189372909052,65066623849,Indian Bank,"House 292, Gandhi Nagar, Bhagalpur",Bhagalpur,PMSBY Insurance,1449.38,1980-01-05,9732607597,2025-09-19
1877,Anil Shah,614617931879,06051428062,Allahabad Bank,"House 682, Indira Colony, Gaya",Gaya,PMKVY Skill Dev,17340.64,1979-07-01,9456968765,2025-11-23
1878,Rakesh Mehta,891888736015,09828714512,Allahabad Bank,"House 25, Krishnanagar, Muzaffarpur",Muzaffarpur,PM Ujjwala,1620.07,1992-05-15,9415518835,2021-03-25
1879,Hitesh Pandey,053184845433,38218637773,State Bank of India,"House 232, Nehru Vihar, Lakhimpur",Lakhimpur,PM Awas Yojana,135461.32,1997-02-03, ,2025-06-19
1880,Umesh Sharma,182146880444,10587120803,Bank of Baroda,"House 249, Shantinagar, Indore",Indore,PMSBY Insurance,1912.53,1994-03-11,9513904299,2021-01-13
1881,Neha Devi,931145218861,50121393822,Canara Bank,"House 330, Gandhi Nagar, Dhubri",Dhubri,PM Awas Yojana,134233.38,1967-08-14,9816577048,2022-09-22
1882,Ganga Reddy,954715669944,65623908661,UCO Bank,"House 38, Model Town, Jodhpur",Jodhpur,PMSBY Insurance,1558.52,1974-12-17,9337813571,2024-06-28
1883,Umesh Mallah,734485595735,96444147360,Indian Bank,"House 900, Ambedkar Nagar, Bhagalpur",Bhagalpur,NSP Scholarship,8068.83,1981-09-18,9644270933,2021-02-23
1884,Anil Pandey,462871163922,68107926253,UCO Bank,"House 307, Indira Colony, Udaipur",Udaipur,PMSBY Insurance,1748.89,1994-02-18,9303043520,2025-11-27
1885,Parvati Roy,760836946100,57751673639,Allahabad Bank,"House 677, Krishnanagar, Kanpur",Kanpur,MGNREGA,8860.66,1978-10-20,9846431922,2025-05-18
1886,Santosh Pillai,172734362725,15884922074,Union Bank,"House 168, Azad Nagar, Allahabad",Allahabad,Ayushman Bharat,572237.83,1970-12-11,9935936890,2021-11-21
1887,Suresh Tiwari,740627354128,30387415047,Indian Bank,"House 145, Sardar Patel Nagar, Darbhanga",Darbhanga,PMKVY Skill Dev,19001.99,1959-04-29,9678032839,2024-05-14
1888,Rekha Mallah,274133807574,55399648832,Indian Bank,"House 958, New Colony, Muzaffarpur",Muzaffarpur,PM Fasal Bima,15243.51,1958-08-23,9808258058,2022-12-31
1889,Kiran Kahar,868678248553,78071596933,Punjab National Bank,"House 889, Nehru Vihar, Amritsar",Amritsar,NSP Scholarship,3564.44,1997-04-06,9071813720,2023-07-28
1890,Pushpa Maurya,201048277241,66400501580,Union Bank,"House 10, Rampur, Udaipur",Udaipur,PMSBY Insurance,1592.71,1961-03-01,9456163235,2023-10-24
1891,Asha Nirmalkar,432285050595,26670862456,UCO Bank,"House 472, Netaji Nagar, Patna",Patna,PM-KISAN,5589.68,1994-09-29,9192981944,2021-03-05
1892,Vinod Mishra,523734674155,07245460387,Union Bank,"House 113, Indira Colony, Jorhat",Jorhat,PM Ujjwala,2770.72,1995-03-30,9776819061,2021-01-08
1893,Suresh Kumar,336975912010,68562599772,Bank of India,"House 408, Rajiv Nagar, Nagaon",Nagaon,PMSBY Insurance,1599.76,1977-02-12,9453964236,2023-09-09
1894,Ganesh Rajput,227713528088,67095435275,Bank of India,"House 517, Rampur, Kamrup",Kamrup,PM Fasal Bima,5213.42,1968-07-10,9860140955,2022-04-09
1895,Neha Sharma,044792006683,67537839952,Allahabad Bank,"House 163, Rampur, Allahabad",Allahabad,PMSBY Insurance,1413.9,2001-01-06,9293767596,2020-12-16
1896,Lalita Iyer,373648125281,54564146104,Bank of Baroda,"House 441, Indira Colony, Darrang",Darrang,NSP Scholarship,8171.07,1980-10-06,9837417410,2021-03-28
1897,Meera Roy,491102638422,52879545437,Canara Bank,"House 179, Nehru Vihar, Amritsar",Amritsar,PM Awas Yojana,131563.71,1970-03-01,9635875603,2022-12-16
1898,Meera Das,473284748440,20410283884,Canara Bank,"Plot No.5, Near Panchayat Office, Gaya",Raipur,NSAP Pension,4108.69,1981-03-19,9230663828,2024-03-11
1899,Anil Nirmalkar,218698097858,19041418118,Canara Bank,"House 701, Model Town, Bhagalpur",Bhagalpur,PM-KISAN,2540.06,2000-11-28,9862766179,2022-08-31
1900,Anil Nath,882527994012,74948666067,Canara Bank,"House 934, Krishnanagar, Barpeta",Barpeta,PMSBY Insurance,1833.49,1995-05-21,9555453064,2022-12-29
1901,Mahesh Thakur,763074705960,68229333537,Bank of India,"House 318, Rampur, Dhubri",Dhubri,NSP Scholarship,3139.17,1958-11-15,9337396326,2023-06-07
1902,Tulsi Sharma,881350872632,66745142007,Union Bank,"House 334, Subhash Nagar, Jaipur",Jaipur,PMSBY Insurance,1674.21,1977-12-04,9300480461,2022-03-21
1903,Saroj Pandey,071459308476,20878357233,Bank of India,"House 17, Indira Colony, Nagaon",Nagaon,PM Ujjwala,2274.75,1970-01-19, ,2023-05-15
1904,Ganga Pillai,870112127450,97253091864,UCO Bank,"House 563, Bapunagar, Lakhimpur",Lakhimpur,MGNREGA,7976.24,1977-04-02,9758334260,2022-01-05
1905,Rajan Mishra,561326573245,97100920801,Bank of Baroda,"House 869, Netaji Nagar, Gaya",Gaya,PMSBY Insurance,1366.33,1987-04-07,9613541421,2024-02-21
1906,Rekha Pillai,444114490389,55686691906,Bank of Baroda,"House 880, Subhash Nagar, Gaya",Gaya,PM Awas Yojana,139749.19,1980-09-06,9465107795,2023-11-14
1907,Bharat Gupta,233973906050,41750761165,Canara Bank,"House 665, Rampur, Ludhiana",Ludhiana,PMKVY Skill Dev,13936.31,1994-03-14,9105645246,2025-03-29
1908,Seema Joshi,469460720199,86695024439,Union Bank,"House 637, Azad Nagar, Kamrup",Kamrup,PM Awas Yojana,145938.08,1987-02-22,9225192532,2020-12-18
1909,Sunil Gupta,782384615694,98946650833,Central Bank,"House 701, Rampur, Udaipur",Udaipur,NSAP Pension,2402.25,1994-05-19,9965187239,2021-08-01
1910,Kamla Thakur,107128705961,75181469682,Allahabad Bank,"House 772, Sardar Patel Nagar, Indore",Indore,PMSBY Insurance,1253.55,1972-03-31,9134722365,2023-12-21
1911,Anita Chauhan,941061615768,68455148310,Canara Bank,"House 274, Rajiv Nagar, Jorhat",Jorhat,Ayushman Bharat,32941.35,1976-12-12,9499337780,2022-08-05
1912,Neha Patel,597174397043,85314104101,State Bank of India,"Plot No.2, Near Panchayat Office, Jorhat",Indore,PM Ujjwala,2832.19,1981-12-10,9288023182,2021-12-16
1913,Sanjay Shah,678503570624,08863012936,Punjab National Bank,"House 516, Nehru Vihar, Varanasi",Varanasi,PMKVY Skill Dev,18207.62,1996-03-08,9183380147,2023-04-10
1914,Rekha Bose,131995563050,20666842092,Allahabad Bank,"House 917, Sardar Patel Nagar, Bhopal",Bhopal,PMSBY Insurance,1632.56,1969-04-16,9105710707,2021-02-04
1915,Mukesh Shah,540428246852,32933958391,UCO Bank,"House 97, Subhash Nagar, Goalpara",Goalpara,PMKVY Skill Dev,19385.45,1997-10-30,9690030742,2021-05-14
1916,Savita Das,188475264047,16893751132,Indian Bank,"House 797, New Colony, Bilaspur",Bilaspur,PM-KISAN,4497.25,2000-07-05,9747740318,2023-09-30
1917,Munni Naidu,883044211163,41982977659,Union Bank,"House 421, Rajiv Nagar, Jabalpur",Jabalpur,PM-KISAN,4369.61,1980-12-02,9858688545,2020-11-28
1918,Priya Nair,327449079641,47589921841,State Bank of India,"House 370, Model Town, Lakhimpur",Lakhimpur,Ayushman Bharat,31281.8,1957-06-27, ,2021-08-27
1919,Rajesh Bind,267037584490,68229333537,Central Bank,"House 83, Shantinagar, Kanpur",Kanpur,PM Awas Yojana,146751.86,1974-02-26,9076129193,2025-05-20
1920,Savita Ghosh,572080241726,54074852796,Bank of Baroda,"House 600, Subhash Nagar, Muzaffarpur",Muzaffarpur,PM-KISAN,3357.97,1958-10-19,9200332875,2024-03-22
1921,Hitesh Nirmalkar,277709962730,32939901156,Bank of India,"House 286, Subhash Nagar, Kanpur",Kanpur,PM Ujjwala,2142.2,2000-09-06,9872071964,2023-09-02
1922,Pooja Kurmi,001948465555,75790750814,Indian Bank,"House 726, Indira Colony, Jabalpur",Jabalpur,PMSBY Insurance,1752.59,1972-11-17, ,2023-04-27
1923,Munni Mukherjee,059123295323,13444515054,Bank of India,"House 668, Lal Bahadur Nagar, Indore",Indore,NSAP Pension,3232.76,1987-06-30,9126451330,2021-10-21
1924,Ramesh Das,204089465545,47073348804,UCO Bank,"House 387, Nehru Vihar, Kamrup",Kamrup,PM Ujjwala,2289.41,1981-08-21,9786903289,2021-07-29
1925,Rekha Kumar,306200529357,04656408415,Indian Bank,"House 965, Rajiv Nagar, Darbhanga",Darbhanga,PM Awas Yojana,138549.07,1987-09-26,9350574172,2025-02-26
1926,Anita Jha,033414817312,49324031116,Union Bank,"House 496, Bapunagar, Amritsar",Amritsar,PM Fasal Bima,11216.31,1991-02-07,9988950452,2021-11-12
1927,Yogesh Ghosh,417393907023,11514454589,Indian Bank,"House 299, Rampur, Darrang",Darrang,PM Awas Yojana,148616.72,1958-06-02,9158101034,2025-06-26
1928,Shanti Roy,146658416944,89239941028,Central Bank,"House 380, Azad Nagar, Indore",Indore,MGNREGA,8907.15,1963-10-16,9162878124,2021-08-08
1929,Meera Thakur,499192878661,61157129752,Allahabad Bank,"House 520, Lal Bahadur Nagar, Gaya",Gaya,PM Awas Yojana,125581.44,1990-04-10,9269450002,2023-07-15
1930,Suman Iyer,803455425487,34654425453,State Bank of India,"House 141, Nehru Vihar, Udaipur",Udaipur,PMSBY Insurance,1340.74,1994-09-08,9055530011,2023-09-24
1931,Suresh Rajput,097092259888,66996174616,Union Bank,"House 54, Krishnanagar, Amritsar",Amritsar,NSAP Pension,5097.81,1967-01-12,9685471831,2021-04-09
1932,Devaki Rani,971361558460,19866036572,Union Bank,"House 316, Ambedkar Nagar, Dhubri",Dhubri,NSP Scholarship,9578.94,1999-10-24,9275119356,2021-02-06
1933,Shanti Gupta,909596218631,05153895192,State Bank of India,"House 854, Azad Nagar, Amritsar",Amritsar,PM Awas Yojana,149700.3,1999-01-10,9312138337,2023-10-19
1934,Kiran Devi,069148124614,28327075691,Allahabad Bank,"House 995, Azad Nagar, Jabalpur",Jabalpur,NSAP Pension,2199.64,1956-07-22,9363159489,2023-12-30
1935,Ritu Sahu,033626452236,32436543396,Central Bank,"House 263, Sardar Patel Nagar, Bilaspur",Bilaspur,NSAP Pension,4453.83,1997-08-23,9389724033,2021-08-02
1936,Mamta Singh,636344111225,71293845200,UCO Bank,"House 911, Lal Bahadur Nagar, Varanasi",Varanasi,NSAP Pension,4501.61,1986-03-19,9314313251,2021-08-14
1937,Mangala Lodhi,252756519754,66676955437,UCO Bank,"House 739, Rampur, Darrang",Darrang,MGNREGA,5258.15,1989-08-26,9369085255,2021-07-10
1938,Sunil Tiwari,420102150840,29488496155,Central Bank,"House 100, Lal Bahadur Nagar, Lakhimpur",Lakhimpur,NSAP Pension,5305.09,1958-11-24,9538866275,2024-12-09
1939,Munni Naidu,269532787979,52249085171,Bank of India,"House 413, Rampur, Allahabad",Allahabad,MGNREGA,5385.25,1989-07-22,9528231079,2024-03-16
1940,Devaki Naidu,510905220027,23866654179,Indian Bank,"House 465, Lal Bahadur Nagar, Udaipur",Udaipur,PMKVY Skill Dev,14109.9,1964-09-05,9306815373,2022-02-19
1941,Meera Pandey,327342719772,01613099929,Bank of India,"House 763, Shantinagar, Dhubri",Dhubri,PM Fasal Bima,6280.74,1971-07-20,9007421463,2024-02-20
1942,Vijay Verma,249843299035,51345371741,Bank of Baroda,"House 670, Sardar Patel Nagar, Jorhat",Jorhat,Ayushman Bharat,31238.58,1967-08-11,9180561521,2022-03-24
1943,Ganesh Singh,391797977100,84136127599,Union Bank,"House 70, Azad Nagar, Indore",Indore,MGNREGA,5345.39,1966-08-02,9905537007,2024-02-05
1944,Santosh Sharma,315281958321,54894557454,State Bank of India,"House 430, Gandhi Nagar, Indore",Indore,NSP Scholarship,8744.16,1931-07-27,9192793192,2021-02-02
1945,Ganga Lodhi,545510973687,37153034239,Punjab National Bank,"House 186, Azad Nagar, Gorakhpur",Gorakhpur,PMSBY Insurance,1954.68,1979-07-15,9793197118,2023-06-18
1946,Vinod Pillai,474119684893,13050896265,Allahabad Bank,"House 52, Shantinagar, Goalpara",Goalpara,PM Ujjwala,2395.33,1995-10-27,9380964240,2024-04-15
1947,Mangala Sharma,132678637889,21602943104,Indian Bank,"House 894, Gandhi Nagar, Varanasi",Varanasi,PMKVY Skill Dev,12253.62,1963-07-28,9458256773,2025-09-08
1948,Munni Lodhi,369467487665,78197409826,Indian Bank,"House 21, Gandhi Nagar, Gorakhpur",Gorakhpur,PM Fasal Bima,14515.09,1978-07-29,9573250298,2023-02-12
1949,Shanti Naidu,508692514622,72080711057,Central Bank,"House 695, Lal Bahadur Nagar, Muzaffarpur",Muzaffarpur,PM-KISAN,3639.95,1961-11-23,9379716016,2022-04-14
1950,Vandana Lodhi,472187794533,51278498227,Indian Bank,"House 490, Shantinagar, Gorakhpur",Gorakhpur,PM Awas Yojana,128484.35,1963-05-29,9934000971,2022-08-11
1951,Suresh Pandey,994887620925,44546324480,Union Bank,"House 730, Lal Bahadur Nagar, Bhagalpur",Bhagalpur,Ayushman Bharat,30864.36,1969-01-08,9524033840,2025-09-27
1952,Mamta Nath,712731746386,46309576246,Indian Bank,"House 974, Bapunagar, Goalpara",Goalpara,PMKVY Skill Dev,14542.85,1980-08-27,9322524332,2022-10-25
1953,Kiran Bind,765658047704,79589285950,Indian Bank,"Plot No.5, Near Panchayat Office, Gaya",Patna,NSP Scholarship,10552.72,1980-03-14,9538203710,2020-10-27
1954,Geeta Naidu,425447708408,61364980919,UCO Bank,"House 248, Model Town, Bilaspur",Bilaspur,PMSBY Insurance,1632.24,1917-04-18,9836814173,2022-09-15
1955,Asha Rani,139725756005,35016555687,Bank of India,"House 115, Lal Bahadur Nagar, Raipur",Raipur,PM Ujjwala,3187.63,1997-08-24,9862507952,2024-10-20
1956,Anil Kurmi,047914234122,51901461145,Bank of India,"House 178, Indira Colony, Gaya",Gaya,PM Fasal Bima,6820.6,1983-08-30,9132992233,2025-10-28
1957,Asha Naidu,780295846364,41617875183,Indian Bank,"House 388, New Colony, Allahabad",Allahabad,PMSBY Insurance,1224.89,1996-10-14,9175123515,2021-02-13
1958,Kavita Kumar,508675615109,85171315546,State Bank of India,"House 63, Bapunagar, Jorhat",Jorhat,PM-KISAN,5452.0,1958-07-15,9832622537,2025-11-03
1959,Vijay Bind,405239159832,06307289289,UCO Bank,"House 492, New Colony, Darrang",Darrang,PM Awas Yojana,126474.21,1968-06-23,9677128155,2022-10-20
1960,Mangala Verma,939570523447,76172928665,State Bank of India,"House 999, Gandhi Nagar, Jaipur",Jaipur,PMKVY Skill Dev,13156.13,1961-11-22,9015879828,2021-08-11
1961,Rekha Chauhan,355264472636,78523755171,Punjab National Bank,"House 613, Netaji Nagar, Gaya",Gaya,PM Ujjwala,2273.92,1922-01-10,9828750450,2022-01-11
1962,Sanjay Joshi,628616630035,87494333957,State Bank of India,"House 194, Azad Nagar, Darrang",Darrang,PM Fasal Bima,19424.38,1993-09-17,9835915057,2024-10-05
1963,Rakesh Rani,948734676986,91426122337,Union Bank,"House 928, Rampur, Bhagalpur",Bhagalpur,PM-KISAN,2642.09,1982-06-20,9541271806,2022-03-13
1964,Yogesh Sahu,713186045382,08666487689,State Bank of India,"House 572, Indira Colony, Lucknow",Lucknow,NSP Scholarship,3860.48,1922-09-25,9763456947,2025-06-22
1965,Kiran Shah,146787972239,80789159190,Canara Bank,"House 655, Gandhi Nagar, Jaipur",Jaipur,NSAP Pension,3764.04,1997-06-12,9968088952,2024-10-20
1966,Nisha Gupta,220899677717,81572928738,Central Bank,"House 946, Azad Nagar, Dhubri",Dhubri,PM Fasal Bima,24538.16,1957-03-10,9259570228,2025-05-03
1967,Usha Mukherjee,716452246145,82975153552,Indian Bank,"House 142, Model Town, Indore",Indore,NSP Scholarship,11199.95,1997-03-24,9806907994,2023-12-01
1968,Anjali Mehta,252756519754,54364537058,Central Bank,"House 665, Netaji Nagar, Dhubri",Dhubri,PMSBY Insurance,1419.24,1998-10-22,9324981568,2025-11-26
1969,Hari Bose,575614794332,98134617374,Canara Bank,"House 604, Subhash Nagar, Lucknow",Lucknow,PM Ujjwala,2191.44,1995-04-25,9669568474,2025-01-08
1970,Ramesh Lodhi,510294719612,59484156126,Indian Bank,"House 414, Lal Bahadur Nagar, Gaya",Gaya,Ayushman Bharat,28466.51,1975-08-12,9933291163,2024-02-06
1971,Umesh Gupta,288617252186,96950662191,Indian Bank,"Plot No.2, Near Panchayat Office, Jorhat",Jaipur,Ayushman Bharat,39399.72,1973-09-23,9414111249,2024-05-09
1972,Ganesh Mishra,891406471868,89953723653,UCO Bank,"House 465, Subhash Nagar, Dhubri",Dhubri,NSP Scholarship,7012.78,1977-05-01,9398405059,2021-12-08
1973,Deepak Kumar,973246109737,75510477127,Indian Bank,"House 509, Indira Colony, Kanpur",Kanpur,PM Awas Yojana,121438.93,1986-09-29,9638721072,2021-03-01
1974,Deepak Lodhi,318477373798,44758492788,Central Bank,"House 159, Nehru Vihar, Nagaon",Nagaon,Ayushman Bharat,21957.6,1966-04-05,9457367605,2025-01-14
1975,Rajesh Reddy,854658475470,22628186514,Indian Bank,"House 854, Rampur, Amritsar",Amritsar,PM Fasal Bima,20954.73,1994-02-09,9357444661,2023-11-18
1976,Mukesh Kumar,869970697354,49485618111,Central Bank,"House 50, Nehru Vihar, Varanasi",Varanasi,NSP Scholarship,8463.57,1960-05-22,9221770954,2022-12-16
1977,Suman Yadav,816831722789,08011282665,Indian Bank,"House 862, Krishnanagar, Jorhat",Jorhat,MGNREGA,4601.89,1974-08-21,9303374777,2023-03-28
1978,Kamla Thakur,673838113074,82945171388,State Bank of India,"House 234, Lal Bahadur Nagar, Amritsar",Amritsar,Ayushman Bharat,14057.87,1984-12-14,9192924247,2021-03-06
1979,Rakesh Naidu,783827462255,21529874136,State Bank of India,"House 101, Netaji Nagar, Indore",Indore,PM Ujjwala,3072.9,1982-03-23,9317810261,2025-10-24
1980,Seema Mallah,908771522653,53922829000,Indian Bank,"House 517, Shantinagar, Lakhimpur",Lakhimpur,MGNREGA,4336.11,1971-01-28,9354694875,2024-02-07
1981,Kamla Devi,737174261743,88108227930,UCO Bank,"House 63, Indira Colony, Kamrup",Kamrup,PM Awas Yojana,147419.15,1979-09-26,9256867878,2025-08-14
